UTC                    chk_ok   brw_ok   crt_ok   chk_rt  chk_p95     orders  SLO
--------------------------------------------------------------------------------------------
2026-07-30T19:02:52Z 100.000% 100.000% 100.000%      2.7     66.5   168854.0  OK
2026-07-30T19:02:58Z 100.000% 100.000% 100.000%      2.7     66.5   168854.0  OK
2026-07-30T19:03:05Z     n/a      n/a      n/a      n/a      n/a    165801.0  
2026-07-30T19:03:11Z     n/a      n/a      n/a      n/a      n/a    165801.0  
2026-07-30T19:03:18Z     n/a      n/a      n/a      n/a      n/a    165801.0  
2026-07-30T19:03:25Z     n/a      n/a      n/a      n/a      n/a    165801.0  
2026-07-30T19:03:31Z 100.000% 100.000% 100.000%      1.8     49.5   165801.0  OK
2026-07-30T19:03:37Z 100.000% 100.000% 100.000%      2.5     49.3   165801.0  OK
2026-07-30T19:03:44Z 100.000% 100.000% 100.000%      2.5     49.3   165801.0  OK
2026-07-30T19:03:51Z 100.000% 100.000% 100.000%      2.5     49.3   168986.0  OK
2026-07-30T19:03:57Z 100.000% 100.000% 100.000%      2.5     49.3   168986.0  OK
2026-07-30T19:04:03Z     n/a      n/a      n/a      n/a      n/a    168986.0  
2026-07-30T19:04:10Z     n/a      n/a      n/a      n/a      n/a    165916.0  
2026-07-30T19:04:16Z     n/a      n/a      n/a      n/a      n/a    165916.0  
2026-07-30T19:04:23Z     n/a      n/a      n/a      n/a      n/a    165916.0  
2026-07-30T19:04:30Z     n/a      n/a  100.000%      1.6     48.8   165916.0  
2026-07-30T19:04:36Z 100.000% 100.000% 100.000%      2.4     48.8   165916.0  OK
2026-07-30T19:04:42Z 100.000% 100.000% 100.000%      2.4     48.8   165916.0  OK
2026-07-30T19:04:49Z 100.000% 100.000% 100.000%      2.4     48.8   165996.0  OK
2026-07-30T19:04:56Z 100.000% 100.000% 100.000%      2.4     48.8   165996.0  OK
2026-07-30T19:05:03Z     n/a      n/a      n/a      n/a      n/a    165996.0  
2026-07-30T19:05:09Z     n/a      n/a      n/a      n/a      n/a    166124.0  
2026-07-30T19:05:16Z     n/a      n/a      n/a      n/a      n/a    166124.0  
2026-07-30T19:05:23Z     n/a      n/a      n/a      n/a      n/a    166124.0  
2026-07-30T19:05:30Z     n/a      n/a  100.000%      1.4     48.9   166124.0  
2026-07-30T19:05:37Z 100.000% 100.000% 100.000%      2.3     49.2   166124.0  OK
2026-07-30T19:05:43Z 100.000% 100.000% 100.000%      2.3     49.2   166124.0  OK
2026-07-30T19:05:50Z 100.000% 100.000% 100.000%      2.3     49.2   166142.0  OK
2026-07-30T19:05:56Z 100.000% 100.000% 100.000%      2.3     49.2   166142.0  OK
2026-07-30T19:06:03Z     n/a      n/a      n/a      n/a      n/a    166142.0  
2026-07-30T19:06:10Z     n/a      n/a      n/a      n/a      n/a    163285.0  
2026-07-30T19:06:16Z     n/a      n/a      n/a      n/a      n/a    163285.0  
2026-07-30T19:06:23Z     n/a      n/a      n/a      n/a      n/a    163285.0  
2026-07-30T19:06:30Z     n/a      n/a  100.000%      1.7     49.2   163285.0  
2026-07-30T19:06:36Z 100.000% 100.000% 100.000%      2.7     63.4   163285.0  OK
2026-07-30T19:06:43Z 100.000% 100.000% 100.000%      2.7     63.4   163285.0  OK
2026-07-30T19:06:49Z 100.000% 100.000% 100.000%      2.7     63.4   166275.0  OK
2026-07-30T19:06:55Z 100.000% 100.000% 100.000%      2.7     63.4   166275.0  OK
2026-07-30T19:07:03Z     n/a      n/a      n/a      n/a      n/a    166275.0  
2026-07-30T19:07:09Z     n/a      n/a      n/a      n/a      n/a    163589.0  
2026-07-30T19:07:15Z     n/a      n/a      n/a      n/a      n/a    163589.0  
2026-07-30T19:07:22Z     n/a      n/a      n/a      n/a      n/a    163589.0  
2026-07-30T19:07:29Z     n/a      n/a      n/a      n/a      n/a    163589.0  
2026-07-30T19:07:35Z 100.000% 100.000% 100.000%      3.0     68.8   163589.0  OK
2026-07-30T19:07:41Z 100.000% 100.000% 100.000%      3.0     68.8   163589.0  OK
2026-07-30T19:07:48Z 100.000% 100.000% 100.000%      3.0     68.8   166275.0  OK
2026-07-30T19:07:55Z 100.000% 100.000% 100.000%      3.0     68.8   166275.0  OK
2026-07-30T19:08:02Z 100.000%     nan%     nan%      0.9     n/a    166275.0  OK
2026-07-30T19:08:08Z     n/a      n/a      n/a      n/a      n/a    163750.0  
2026-07-30T19:08:15Z     n/a      n/a      n/a      n/a      n/a    163750.0  
2026-07-30T19:08:22Z     n/a      n/a      n/a      n/a      n/a    163750.0  
2026-07-30T19:08:28Z     n/a      n/a      n/a      n/a      n/a    163750.0  
2026-07-30T19:08:34Z 100.000% 100.000% 100.000%      2.7     49.7   163750.0  OK
2026-07-30T19:08:41Z 100.000% 100.000% 100.000%      2.7     49.7   163750.0  OK
2026-07-30T19:08:48Z 100.000% 100.000% 100.000%      2.7     49.7   166615.0  OK
2026-07-30T19:08:57Z 100.000% 100.000% 100.000%      2.7     49.7   166615.0  OK
2026-07-30T19:09:04Z     n/a      n/a      n/a      n/a      n/a    166615.0  
2026-07-30T19:09:10Z     n/a      n/a      n/a      n/a      n/a    164261.0  
2026-07-30T19:09:17Z     n/a      n/a      n/a      n/a      n/a    164261.0  
2026-07-30T19:09:24Z     n/a      n/a      n/a      n/a      n/a    164261.0  
2026-07-30T19:09:30Z     n/a  100.000% 100.000%      2.2     53.6   164261.0  
2026-07-30T19:09:36Z 100.000% 100.000% 100.000%      2.9     66.3   164261.0  OK
2026-07-30T19:09:43Z 100.000% 100.000% 100.000%      2.9     66.3   164261.0  OK
2026-07-30T19:09:50Z 100.000% 100.000% 100.000%      2.9     66.3   166615.0  OK
2026-07-30T19:09:57Z 100.000% 100.000% 100.000%      2.9     66.3   166615.0  OK
2026-07-30T19:10:04Z     n/a      n/a      n/a      n/a      n/a    166615.0  
2026-07-30T19:10:10Z     n/a      n/a      n/a      n/a      n/a    166955.0  
2026-07-30T19:10:17Z     n/a      n/a      n/a      n/a      n/a    166955.0  
2026-07-30T19:10:24Z     n/a      n/a      n/a      n/a      n/a    166955.0  
2026-07-30T19:10:30Z     n/a      n/a  100.000%      1.9     49.3   166955.0  
2026-07-30T19:10:36Z 100.000% 100.000% 100.000%      3.1     49.3   166955.0  OK
2026-07-30T19:10:43Z 100.000% 100.000% 100.000%      3.1     49.3   166955.0  OK
2026-07-30T19:10:50Z 100.000% 100.000% 100.000%      3.1     49.3   167003.0  OK
2026-07-30T19:10:56Z 100.000% 100.000% 100.000%      3.1     49.3   167003.0  OK
2026-07-30T19:11:02Z     n/a      n/a      n/a      n/a      n/a    167003.0  
2026-07-30T19:11:09Z     n/a      n/a      n/a      n/a      n/a    164902.0  
2026-07-30T19:11:15Z     n/a      n/a      n/a      n/a      n/a    164902.0  
2026-07-30T19:11:21Z     n/a      n/a      n/a      n/a      n/a    164902.0  
2026-07-30T19:11:28Z     n/a      n/a      n/a      n/a      n/a    164902.0  
2026-07-30T19:11:35Z 100.000% 100.000% 100.000%      2.9     80.8   164902.0  OK
2026-07-30T19:11:41Z 100.000% 100.000% 100.000%      2.9     80.8   164902.0  OK
2026-07-30T19:11:47Z 100.000% 100.000% 100.000%      2.9     80.8   164902.0  OK
2026-07-30T19:11:54Z 100.000% 100.000% 100.000%      2.9     80.8   167162.0  OK
2026-07-30T19:12:01Z 100.000%     nan%     nan%      1.0     84.2   167162.0  OK
2026-07-30T19:12:08Z     n/a      n/a      n/a      n/a      n/a    165159.0  
2026-07-30T19:12:14Z     n/a      n/a      n/a      n/a      n/a    165159.0  
2026-07-30T19:12:20Z     n/a      n/a      n/a      n/a      n/a    165159.0  
2026-07-30T19:12:27Z     n/a      n/a      n/a      n/a      n/a    165159.0  
2026-07-30T19:12:34Z 100.000% 100.000% 100.000%      2.6     48.5   165159.0  OK
2026-07-30T19:12:41Z 100.000% 100.000% 100.000%      2.6     48.5   165159.0  OK
2026-07-30T19:12:47Z 100.000% 100.000% 100.000%      2.6     48.5   167323.0  OK
2026-07-30T19:12:54Z 100.000% 100.000% 100.000%      2.6     48.5   167323.0  OK
2026-07-30T19:13:01Z 100.000%     nan%     nan%      0.9     48.7   167323.0  OK
2026-07-30T19:13:08Z     n/a      n/a      n/a      n/a      n/a    167450.0  
2026-07-30T19:13:15Z     n/a      n/a      n/a      n/a      n/a    167450.0  
2026-07-30T19:13:22Z     n/a      n/a      n/a      n/a      n/a    167450.0  
2026-07-30T19:13:28Z     n/a      n/a      n/a      n/a      n/a    167450.0  
2026-07-30T19:13:34Z 100.000% 100.000% 100.000%      2.6     88.3   167450.0  OK
2026-07-30T19:13:41Z 100.000% 100.000% 100.000%      2.6     88.3   167450.0  OK
2026-07-30T19:13:48Z 100.000% 100.000% 100.000%      2.6     88.3   169435.0  OK
2026-07-30T19:13:54Z 100.000% 100.000% 100.000%      2.6     88.3   169435.0  OK
2026-07-30T19:14:00Z 100.000%     nan%     nan%      0.8     87.2   169435.0  OK
2026-07-30T19:14:07Z     n/a      n/a      n/a      n/a      n/a    167524.0  
2026-07-30T19:14:14Z     n/a      n/a      n/a      n/a      n/a    167524.0  
2026-07-30T19:14:20Z     n/a      n/a      n/a      n/a      n/a    167524.0  
2026-07-30T19:14:27Z     n/a      n/a      n/a      n/a      n/a    167524.0  
2026-07-30T19:14:34Z 100.000% 100.000% 100.000%      2.7     49.7   167524.0  OK
2026-07-30T19:14:41Z 100.000% 100.000% 100.000%      2.7     49.7   167524.0  OK
2026-07-30T19:14:47Z 100.000% 100.000% 100.000%      2.7     49.7   167524.0  OK
2026-07-30T19:14:53Z 100.000% 100.000% 100.000%      2.7     49.7   169522.0  OK
2026-07-30T19:15:01Z 100.000%     nan%     nan%      0.9     65.6   169522.0  OK
2026-07-30T19:15:07Z     n/a      n/a      n/a      n/a      n/a    167616.0  
2026-07-30T19:15:15Z     n/a      n/a      n/a      n/a      n/a    167616.0  
2026-07-30T19:15:21Z     n/a      n/a      n/a      n/a      n/a    167616.0  
2026-07-30T19:15:28Z     n/a      n/a      n/a      n/a      n/a    167616.0  
2026-07-30T19:15:34Z 100.000% 100.000% 100.000%      2.6     49.3   167616.0  OK
2026-07-30T19:15:41Z 100.000% 100.000% 100.000%      2.6     49.3   167616.0  OK
2026-07-30T19:15:47Z 100.000% 100.000% 100.000%      2.6     49.3   167616.0  OK
2026-07-30T19:15:53Z 100.000% 100.000% 100.000%      2.6     49.3   167852.0  OK
2026-07-30T19:16:00Z 100.000%     nan%     nan%      0.9     48.7   167852.0  OK
2026-07-30T19:16:07Z     n/a      n/a      n/a      n/a      n/a    167911.0  
2026-07-30T19:16:13Z     n/a      n/a      n/a      n/a      n/a    167911.0  
2026-07-30T19:16:19Z     n/a      n/a      n/a      n/a      n/a    167911.0  
2026-07-30T19:16:26Z     n/a      n/a      n/a      n/a      n/a    167911.0  
2026-07-30T19:16:33Z 100.000% 100.000% 100.000%      2.3     70.5   167911.0  OK
2026-07-30T19:16:40Z 100.000% 100.000% 100.000%      2.3     70.5   167911.0  OK
2026-07-30T19:16:46Z 100.000% 100.000% 100.000%      2.3     70.5   167911.0  OK
2026-07-30T19:16:53Z 100.000% 100.000% 100.000%      2.3     70.5   169909.0  OK
2026-07-30T19:16:59Z 100.000% 100.000% 100.000%      0.7     49.9   169909.0  OK
2026-07-30T19:17:06Z     n/a      n/a      n/a      n/a      n/a    168066.0  
2026-07-30T19:17:13Z     n/a      n/a      n/a      n/a      n/a    168066.0  
2026-07-30T19:17:19Z     n/a      n/a      n/a      n/a      n/a    168066.0  
2026-07-30T19:17:26Z     n/a      n/a      n/a      n/a      n/a    168066.0  
2026-07-30T19:17:32Z 100.000% 100.000% 100.000%      2.6     49.8   168066.0  OK
2026-07-30T19:17:39Z 100.000% 100.000% 100.000%      2.6     49.8   168066.0  OK
2026-07-30T19:17:46Z 100.000% 100.000% 100.000%      2.6     49.8   168066.0  OK
2026-07-30T19:17:53Z 100.000% 100.000% 100.000%      2.6     49.8   168114.0  OK
2026-07-30T19:17:59Z 100.000% 100.000% 100.000%      2.6     49.9   168114.0  OK
2026-07-30T19:18:06Z     n/a      n/a      n/a      n/a      n/a    168222.0  
2026-07-30T19:18:12Z     n/a      n/a      n/a      n/a      n/a    168222.0  
2026-07-30T19:18:19Z     n/a      n/a      n/a      n/a      n/a    168222.0  
2026-07-30T19:18:25Z     n/a      n/a      n/a      n/a      n/a    168222.0  
2026-07-30T19:18:32Z 100.000% 100.000% 100.000%      3.0     49.5   168222.0  OK
2026-07-30T19:18:39Z 100.000% 100.000% 100.000%      3.0     49.5   168222.0  OK
2026-07-30T19:18:47Z 100.000% 100.000% 100.000%      3.0     49.5   168222.0  OK
2026-07-30T19:18:53Z 100.000% 100.000% 100.000%      3.0     49.5   170179.0  OK
2026-07-30T19:18:59Z 100.000% 100.000%     nan%      1.1     49.2   170179.0  OK
2026-07-30T19:19:06Z     n/a      n/a      n/a      n/a      n/a    168376.0  
2026-07-30T19:19:13Z     n/a      n/a      n/a      n/a      n/a    168376.0  
2026-07-30T19:19:19Z     n/a      n/a      n/a      n/a      n/a    168376.0  
2026-07-30T19:19:25Z     n/a      n/a      n/a      n/a      n/a    168376.0  
2026-07-30T19:19:32Z 100.000% 100.000% 100.000%      1.7     49.2   168376.0  OK
2026-07-30T19:19:39Z 100.000% 100.000% 100.000%      2.7     49.2   168376.0  OK
2026-07-30T19:19:45Z 100.000% 100.000% 100.000%      2.7     49.2   168376.0  OK
2026-07-30T19:19:51Z 100.000% 100.000% 100.000%      2.7     49.2   170393.0  OK
2026-07-30T19:19:58Z 100.000% 100.000% 100.000%      2.7     49.2   170393.0  OK
2026-07-30T19:20:05Z     n/a      n/a      n/a      n/a      n/a    168532.0  
2026-07-30T19:20:11Z     n/a      n/a      n/a      n/a      n/a    168532.0  
2026-07-30T19:20:18Z     n/a      n/a      n/a      n/a      n/a    168532.0  
2026-07-30T19:20:24Z     n/a      n/a      n/a      n/a      n/a    168532.0  
2026-07-30T19:20:31Z 100.000% 100.000% 100.000%      1.8     49.8   168532.0  OK
2026-07-30T19:20:38Z 100.000% 100.000% 100.000%      2.7     65.8   168532.0  OK
2026-07-30T19:20:44Z 100.000% 100.000% 100.000%      2.7     65.8   168532.0  OK
2026-07-30T19:20:50Z 100.000% 100.000% 100.000%      2.7     65.8   168666.0  OK
2026-07-30T19:20:56Z 100.000% 100.000% 100.000%      2.7     65.8   168666.0  OK
2026-07-30T19:21:03Z     n/a      n/a      n/a      n/a      n/a    168666.0  
2026-07-30T19:21:10Z     n/a      n/a      n/a      n/a      n/a    168687.0  
2026-07-30T19:21:16Z     n/a      n/a      n/a      n/a      n/a    168687.0  
2026-07-30T19:21:22Z     n/a      n/a      n/a      n/a      n/a    168687.0  
2026-07-30T19:21:29Z     n/a      n/a  100.000%      1.8     49.4   168687.0  
2026-07-30T19:21:37Z 100.000% 100.000% 100.000%      2.8     67.3   168687.0  OK
2026-07-30T19:21:43Z 100.000% 100.000% 100.000%      2.8     67.3   168687.0  OK
2026-07-30T19:21:49Z 100.000% 100.000% 100.000%      2.8     67.3   170892.0  OK
2026-07-30T19:21:55Z 100.000% 100.000% 100.000%      2.8     67.3   170892.0  OK
2026-07-30T19:22:02Z     n/a      n/a      n/a      n/a      n/a    170892.0  
2026-07-30T19:22:09Z     n/a      n/a      n/a      n/a      n/a    168772.0  
2026-07-30T19:22:16Z     n/a      n/a      n/a      n/a      n/a    168772.0  
2026-07-30T19:22:22Z     n/a      n/a      n/a      n/a      n/a    168772.0  
2026-07-30T19:22:29Z     n/a      n/a      n/a      n/a      n/a    168772.0  
2026-07-30T19:22:35Z 100.000% 100.000% 100.000%      2.6     49.8   168772.0  OK
2026-07-30T19:22:41Z 100.000% 100.000% 100.000%      2.6     49.8   168772.0  OK
2026-07-30T19:22:48Z 100.000% 100.000% 100.000%      2.6     49.8   168949.0  OK
2026-07-30T19:22:55Z 100.000% 100.000% 100.000%      2.6     49.8   168949.0  OK
2026-07-30T19:23:02Z     n/a      n/a      n/a      n/a      n/a    168949.0  
2026-07-30T19:23:10Z     n/a      n/a      n/a      n/a      n/a    166778.0  
2026-07-30T19:23:16Z     n/a      n/a      n/a      n/a      n/a    166778.0  
2026-07-30T19:23:22Z     n/a      n/a      n/a      n/a      n/a    166778.0  
2026-07-30T19:23:28Z     n/a      n/a      n/a      n/a      n/a    166778.0  
2026-07-30T19:23:35Z  72.727% 100.000%  73.473%      2.4   8297.6   166778.0  *** BREACH ***
2026-07-30T19:23:42Z  72.727% 100.000%  73.473%      2.4   8297.6   166778.0  *** BREACH ***
2026-07-30T19:23:48Z  72.727% 100.000%  73.473%      2.4   8297.6   169080.0  *** BREACH ***
2026-07-30T19:23:54Z  72.727% 100.000%  73.473%      2.4   8297.6   169080.0  *** BREACH ***
2026-07-30T19:24:02Z  76.744%     n/a      n/a      n/a      n/a    169080.0  *** BREACH ***
2026-07-30T19:24:09Z     n/a      n/a      n/a      n/a      n/a    169090.0  
2026-07-30T19:24:15Z     n/a      n/a      n/a      n/a      n/a    169090.0  
2026-07-30T19:24:23Z     n/a      n/a      n/a      n/a      n/a    169090.0  
2026-07-30T19:24:29Z     n/a      n/a      n/a      n/a      n/a    169090.0  
2026-07-30T19:24:36Z  49.612% 100.000%  50.427%      2.1   9193.8   169090.0  *** BREACH ***
2026-07-30T19:24:42Z  49.612% 100.000%  49.464%      2.1   9193.8   169090.0  *** BREACH ***
2026-07-30T19:24:49Z  49.612% 100.000%  48.492%      2.1   9193.8   169183.0  *** BREACH ***
2026-07-30T19:24:55Z  49.612% 100.000%  47.622%      2.1   9193.8   169183.0  *** BREACH ***
2026-07-30T19:25:01Z  58.824%     nan%     nan%      0.6   8300.0   169183.0  *** BREACH ***
2026-07-30T19:25:07Z     n/a      n/a      n/a      n/a      n/a    169184.0  
2026-07-30T19:25:14Z     n/a      n/a      n/a      n/a      n/a    169184.0  
2026-07-30T19:25:20Z     n/a      n/a      n/a      n/a      n/a    169184.0  
2026-07-30T19:25:26Z     n/a      n/a      n/a      n/a      n/a    169184.0  
2026-07-30T19:25:32Z 100.000% 100.000% 100.000%      2.6     49.8   169184.0  OK
2026-07-30T19:25:39Z 100.000% 100.000% 100.000%      2.6     49.8   169184.0  OK
2026-07-30T19:25:45Z 100.000% 100.000% 100.000%      2.6     49.8   169184.0  OK
2026-07-30T19:25:51Z 100.000% 100.000% 100.000%      2.6     49.8   171734.0  OK
2026-07-30T19:25:57Z 100.000% 100.000% 100.000%      2.6     49.8   171734.0  OK
2026-07-30T19:26:04Z     n/a      n/a      n/a      n/a      n/a    171734.0  
2026-07-30T19:26:10Z     n/a      n/a      n/a      n/a      n/a    169340.0  
2026-07-30T19:26:16Z     n/a      n/a      n/a      n/a      n/a    169340.0  
2026-07-30T19:26:22Z     n/a      n/a      n/a      n/a      n/a    169340.0  
2026-07-30T19:26:28Z     n/a      n/a      n/a      n/a      n/a    169340.0  
2026-07-30T19:26:35Z 100.000% 100.000% 100.000%      2.9     49.4   169340.0  OK
2026-07-30T19:26:41Z 100.000% 100.000% 100.000%      2.9     49.4   169340.0  OK
2026-07-30T19:26:47Z 100.000% 100.000% 100.000%      2.9     49.4   169340.0  OK
2026-07-30T19:26:53Z 100.000% 100.000% 100.000%      2.9     49.4   172058.0  OK
2026-07-30T19:27:00Z 100.000%     nan%     nan%      1.0     50.0   172058.0  OK
2026-07-30T19:27:06Z     n/a      n/a      n/a      n/a      n/a    169511.0  
2026-07-30T19:27:13Z     n/a      n/a      n/a      n/a      n/a    169511.0  
2026-07-30T19:27:19Z     n/a      n/a      n/a      n/a      n/a    169511.0  
2026-07-30T19:27:27Z     n/a      n/a      n/a      n/a      n/a    169511.0  
2026-07-30T19:27:33Z 100.000% 100.000% 100.000%      2.7     55.0   169511.0  OK
2026-07-30T19:27:40Z 100.000% 100.000% 100.000%      2.7     55.0   169511.0  OK
2026-07-30T19:27:47Z 100.000% 100.000% 100.000%      2.7     55.0   169511.0  OK
2026-07-30T19:27:53Z 100.000% 100.000% 100.000%      2.7     55.0   172353.0  OK
2026-07-30T19:28:00Z 100.000%     nan%     nan%      0.8     48.9   172353.0  OK
2026-07-30T19:28:07Z     n/a      n/a      n/a      n/a      n/a    169561.0  
2026-07-30T19:28:14Z     n/a      n/a      n/a      n/a      n/a    169561.0  
2026-07-30T19:28:20Z     n/a      n/a      n/a      n/a      n/a    169561.0  
2026-07-30T19:28:27Z     n/a      n/a      n/a      n/a      n/a    169561.0  
2026-07-30T19:28:34Z 100.000% 100.000% 100.000%      2.3     77.5   169561.0  OK
2026-07-30T19:28:40Z 100.000% 100.000% 100.000%      2.3     77.5   169561.0  OK
2026-07-30T19:28:47Z 100.000% 100.000% 100.000%      2.3     77.5   169561.0  OK
2026-07-30T19:28:54Z 100.000% 100.000% 100.000%      2.3     77.5   169773.0  OK
2026-07-30T19:29:00Z 100.000%     nan%     nan%      0.9     56.7   169773.0  OK
2026-07-30T19:29:07Z     n/a      n/a      n/a      n/a      n/a    166973.0  
2026-07-30T19:29:14Z     n/a      n/a      n/a      n/a      n/a    166973.0  
2026-07-30T19:29:20Z     n/a      n/a      n/a      n/a      n/a    166973.0  
2026-07-30T19:29:26Z     n/a      n/a      n/a      n/a      n/a    166973.0  
2026-07-30T19:29:33Z 100.000% 100.000% 100.000%      3.1     52.7   166973.0  OK
2026-07-30T19:29:40Z 100.000% 100.000% 100.000%      3.1     52.7   166973.0  OK
2026-07-30T19:29:46Z 100.000% 100.000% 100.000%      3.1     52.7   166973.0  OK
2026-07-30T19:29:52Z 100.000% 100.000% 100.000%      3.1     52.7   169856.0  OK
2026-07-30T19:29:59Z 100.000% 100.000%     nan%      0.8     78.8   169856.0  OK
2026-07-30T19:30:06Z     n/a      n/a      n/a      n/a      n/a    170004.0  
2026-07-30T19:30:13Z     n/a      n/a      n/a      n/a      n/a    170004.0  
2026-07-30T19:30:19Z     n/a      n/a      n/a      n/a      n/a    170004.0  
2026-07-30T19:30:26Z     n/a      n/a      n/a      n/a      n/a    170004.0  
2026-07-30T19:30:33Z 100.000% 100.000% 100.000%      2.4     56.4   170004.0  OK
2026-07-30T19:30:40Z 100.000% 100.000% 100.000%      2.4     56.4   170004.0  OK
2026-07-30T19:30:46Z 100.000% 100.000% 100.000%      2.4     56.4   170004.0  OK
2026-07-30T19:30:53Z 100.000% 100.000% 100.000%      2.4     56.4   172892.0  OK
2026-07-30T19:30:59Z 100.000% 100.000% 100.000%      2.4     56.4   172892.0  OK
2026-07-30T19:31:05Z     n/a      n/a      n/a      n/a      n/a    170164.0  
2026-07-30T19:31:12Z     n/a      n/a      n/a      n/a      n/a    170164.0  
2026-07-30T19:31:19Z     n/a      n/a      n/a      n/a      n/a    170164.0  
2026-07-30T19:31:25Z     n/a      n/a      n/a      n/a      n/a    170164.0  
2026-07-30T19:31:31Z 100.000% 100.000% 100.000%      1.9     65.4   170164.0  OK
2026-07-30T19:31:37Z 100.000% 100.000% 100.000%      2.7     70.2   170164.0  OK
2026-07-30T19:31:46Z 100.000% 100.000% 100.000%      2.7     70.2   170164.0  OK
2026-07-30T19:31:52Z 100.000% 100.000% 100.000%      2.7     70.2   170214.0  OK
2026-07-30T19:31:58Z 100.000% 100.000% 100.000%      2.7     77.0   170214.0  OK
2026-07-30T19:32:06Z     n/a      n/a      n/a      n/a      n/a    167478.0  
2026-07-30T19:32:12Z     n/a      n/a      n/a      n/a      n/a    167478.0  
2026-07-30T19:32:19Z     n/a      n/a      n/a      n/a      n/a    167478.0  
2026-07-30T19:32:25Z     n/a      n/a      n/a      n/a      n/a    167478.0  
2026-07-30T19:32:32Z 100.000% 100.000% 100.000%      1.8     49.1   167478.0  OK
2026-07-30T19:32:38Z 100.000% 100.000% 100.000%      2.6     49.5   167478.0  OK
2026-07-30T19:32:45Z 100.000% 100.000% 100.000%      2.6     49.5   167478.0  OK
2026-07-30T19:32:52Z 100.000% 100.000% 100.000%      2.6     49.5   170338.0  OK
2026-07-30T19:32:58Z 100.000% 100.000% 100.000%      2.6     49.5   170338.0  OK
2026-07-30T19:33:05Z     n/a      n/a      n/a      n/a      n/a    170497.0  
2026-07-30T19:33:12Z     n/a      n/a      n/a      n/a      n/a    170497.0  
2026-07-30T19:33:19Z     n/a      n/a      n/a      n/a      n/a    170497.0  
2026-07-30T19:33:25Z     n/a      n/a      n/a      n/a      n/a    170497.0  
2026-07-30T19:33:32Z 100.000% 100.000% 100.000%      1.8     78.5   170497.0  OK
2026-07-30T19:33:39Z 100.000% 100.000% 100.000%      2.5     78.5   170497.0  OK
2026-07-30T19:33:46Z 100.000% 100.000% 100.000%      2.5     78.5   170497.0  OK
2026-07-30T19:33:53Z 100.000% 100.000% 100.000%      2.5     78.5   173080.0  OK
2026-07-30T19:33:59Z 100.000% 100.000% 100.000%      2.5     84.2   173080.0  OK
2026-07-30T19:34:06Z     n/a      n/a      n/a      n/a      n/a    170651.0  
2026-07-30T19:34:12Z     n/a      n/a      n/a      n/a      n/a    170651.0  
2026-07-30T19:34:18Z     n/a      n/a      n/a      n/a      n/a    170651.0  
2026-07-30T19:34:25Z     n/a      n/a      n/a      n/a      n/a    170651.0  
2026-07-30T19:34:32Z 100.000% 100.000% 100.000%      2.6     70.2   170651.0  OK
2026-07-30T19:34:39Z 100.000% 100.000% 100.000%      2.6     70.2   170651.0  OK
2026-07-30T19:34:46Z 100.000% 100.000% 100.000%      2.6     70.2   170651.0  OK
2026-07-30T19:34:52Z 100.000% 100.000% 100.000%      2.6     70.2   170651.0  OK
2026-07-30T19:34:58Z 100.000% 100.000% 100.000%      2.6     70.2   170651.0  OK
2026-07-30T19:35:05Z     n/a      n/a      n/a      n/a      n/a    170814.0  
2026-07-30T19:35:11Z     n/a      n/a      n/a      n/a      n/a    170814.0  
2026-07-30T19:35:18Z     n/a      n/a      n/a      n/a      n/a    170814.0  
2026-07-30T19:35:25Z     n/a      n/a      n/a      n/a      n/a    170814.0  
2026-07-30T19:35:32Z 100.000% 100.000% 100.000%      2.8     53.6   170814.0  OK
2026-07-30T19:35:39Z 100.000% 100.000% 100.000%      2.8     53.6   170814.0  OK
2026-07-30T19:35:46Z 100.000% 100.000% 100.000%      2.8     53.6   170814.0  OK
2026-07-30T19:35:53Z 100.000% 100.000% 100.000%      2.8     53.6   173080.0  OK
2026-07-30T19:36:01Z 100.000%     nan%     nan%      1.1     73.3   173080.0  OK
2026-07-30T19:36:08Z     n/a      n/a      n/a      n/a      n/a    170982.0  
2026-07-30T19:36:15Z     n/a      n/a      n/a      n/a      n/a    170982.0  
2026-07-30T19:36:22Z     n/a      n/a      n/a      n/a      n/a    170982.0  
2026-07-30T19:36:29Z     n/a      n/a      n/a      n/a      n/a    170982.0  
2026-07-30T19:36:35Z 100.000% 100.000% 100.000%      2.9     82.2   170982.0  OK
2026-07-30T19:36:41Z 100.000% 100.000% 100.000%      2.9     82.2   170982.0  OK
2026-07-30T19:36:48Z 100.000% 100.000% 100.000%      2.9     82.2   171018.0  OK
2026-07-30T19:36:55Z 100.000% 100.000% 100.000%      2.9     82.2   171018.0  OK
2026-07-30T19:37:02Z     n/a      n/a      n/a      n/a      n/a    171018.0  
2026-07-30T19:37:09Z     n/a      n/a      n/a      n/a      n/a    168991.0  
2026-07-30T19:37:16Z     n/a      n/a      n/a      n/a      n/a    168991.0  
2026-07-30T19:37:23Z     n/a      n/a      n/a      n/a      n/a    168991.0  
2026-07-30T19:37:30Z     n/a      n/a  100.000%      1.9     60.0   168991.0  
2026-07-30T19:37:36Z 100.000% 100.000% 100.000%      2.6     64.5   168991.0  OK
2026-07-30T19:37:42Z 100.000% 100.000% 100.000%      2.6     64.5   168991.0  OK
2026-07-30T19:37:49Z 100.000% 100.000% 100.000%      2.6     64.5   171056.0  OK
2026-07-30T19:37:56Z 100.000% 100.000% 100.000%      2.6     64.5   171056.0  OK
2026-07-30T19:38:03Z     n/a      n/a      n/a      n/a      n/a    171056.0  
2026-07-30T19:38:11Z     n/a      n/a      n/a      n/a      n/a    169125.0  
2026-07-30T19:38:18Z     n/a      n/a      n/a      n/a      n/a    169125.0  
2026-07-30T19:38:24Z     n/a      n/a      n/a      n/a      n/a    169125.0  
2026-07-30T19:38:30Z 100.000% 100.000% 100.000%      2.0     50.0   169125.0  OK
2026-07-30T19:38:36Z 100.000% 100.000% 100.000%      3.0     62.3   169125.0  OK
2026-07-30T19:38:43Z 100.000% 100.000% 100.000%      3.0     62.3   169125.0  OK
2026-07-30T19:38:50Z 100.000% 100.000% 100.000%      3.0     62.3   171348.0  OK
2026-07-30T19:38:57Z 100.000% 100.000% 100.000%      3.0     62.3   171348.0  OK
2026-07-30T19:39:04Z     n/a      n/a      n/a      n/a      n/a    171348.0  
2026-07-30T19:39:10Z     n/a      n/a      n/a      n/a      n/a    169471.0  
2026-07-30T19:39:16Z     n/a      n/a      n/a      n/a      n/a    169471.0  
2026-07-30T19:39:23Z     n/a      n/a      n/a      n/a      n/a    169471.0  
2026-07-30T19:39:30Z     n/a      n/a  100.000%      1.9     73.9   169471.0  
2026-07-30T19:39:37Z 100.000% 100.000% 100.000%      2.7     73.2   169471.0  OK
2026-07-30T19:39:44Z 100.000% 100.000% 100.000%      2.7     73.2   169471.0  OK
2026-07-30T19:39:51Z 100.000% 100.000% 100.000%      2.7     73.2   171538.0  OK
2026-07-30T19:39:58Z 100.000% 100.000% 100.000%      2.7     73.2   171538.0  OK
2026-07-30T19:40:05Z     n/a      n/a      n/a      n/a      n/a    169693.0  
2026-07-30T19:40:11Z     n/a      n/a      n/a      n/a      n/a    169693.0  
2026-07-30T19:40:17Z     n/a      n/a      n/a      n/a      n/a    169693.0  
2026-07-30T19:40:24Z     n/a      n/a      n/a      n/a      n/a    169693.0  
2026-07-30T19:40:31Z 100.000% 100.000% 100.000%      1.9     69.7   169693.0  OK
2026-07-30T19:40:37Z 100.000% 100.000% 100.000%      3.0     64.3   169693.0  OK
2026-07-30T19:40:44Z 100.000% 100.000% 100.000%      3.0     64.3   169693.0  OK
2026-07-30T19:40:51Z 100.000% 100.000% 100.000%      3.0     64.3   171573.0  OK
2026-07-30T19:40:58Z 100.000% 100.000% 100.000%      3.0     64.3   171573.0  OK
2026-07-30T19:41:04Z     n/a      n/a      n/a      n/a      n/a    169812.0  
2026-07-30T19:41:11Z     n/a      n/a      n/a      n/a      n/a    169812.0  
2026-07-30T19:41:17Z     n/a      n/a      n/a      n/a      n/a    169812.0  
2026-07-30T19:41:24Z     n/a      n/a      n/a      n/a      n/a    169812.0  
2026-07-30T19:41:30Z 100.000% 100.000% 100.000%      1.8     80.7   169812.0  OK
2026-07-30T19:41:37Z 100.000% 100.000% 100.000%      2.6     80.3   169812.0  OK
2026-07-30T19:41:43Z 100.000% 100.000% 100.000%      2.6     80.3   169812.0  OK
2026-07-30T19:41:50Z 100.000% 100.000% 100.000%      2.6     80.3   171889.0  OK
2026-07-30T19:41:56Z 100.000% 100.000% 100.000%      2.6     80.3   171889.0  OK
2026-07-30T19:42:03Z     n/a      n/a      n/a      n/a      n/a    171889.0  
2026-07-30T19:42:09Z     n/a      n/a      n/a      n/a      n/a    170101.0  
2026-07-30T19:42:16Z     n/a      n/a      n/a      n/a      n/a    170101.0  
2026-07-30T19:42:23Z     n/a      n/a      n/a      n/a      n/a    170101.0  
2026-07-30T19:42:30Z     n/a  100.000% 100.000%      1.7     48.8   170101.0  
2026-07-30T19:42:37Z 100.000% 100.000% 100.000%      2.5     60.0   170101.0  OK
2026-07-30T19:42:43Z 100.000% 100.000% 100.000%      2.5     60.0   170101.0  OK
2026-07-30T19:42:50Z 100.000% 100.000% 100.000%      2.5     60.0   171993.0  OK
2026-07-30T19:42:57Z 100.000% 100.000% 100.000%      2.5     60.0   171993.0  OK
2026-07-30T19:43:04Z     n/a      n/a      n/a      n/a      n/a    171993.0  
2026-07-30T19:43:11Z     n/a      n/a      n/a      n/a      n/a    170170.0  
2026-07-30T19:43:17Z     n/a      n/a      n/a      n/a      n/a    170170.0  
2026-07-30T19:43:24Z     n/a      n/a      n/a      n/a      n/a    170170.0  
2026-07-30T19:43:31Z 100.000% 100.000% 100.000%      2.0     49.3   170170.0  OK
2026-07-30T19:43:38Z 100.000% 100.000% 100.000%      2.9     56.0   170170.0  OK
2026-07-30T19:43:45Z 100.000% 100.000% 100.000%      2.9     56.0   170170.0  OK
2026-07-30T19:43:52Z 100.000% 100.000% 100.000%      2.9     56.0   172101.0  OK
2026-07-30T19:43:59Z 100.000% 100.000% 100.000%      2.9     56.0   172101.0  OK
2026-07-30T19:44:05Z     n/a      n/a      n/a      n/a      n/a    170217.0  
2026-07-30T19:44:12Z     n/a      n/a      n/a      n/a      n/a    170217.0  
2026-07-30T19:44:19Z     n/a      n/a      n/a      n/a      n/a    170217.0  
2026-07-30T19:44:25Z     n/a      n/a      n/a      n/a      n/a    170217.0  
2026-07-30T19:44:32Z 100.000% 100.000% 100.000%      2.5     49.3   170217.0  OK
2026-07-30T19:44:39Z 100.000% 100.000% 100.000%      2.5     49.3   170217.0  OK
2026-07-30T19:44:47Z 100.000% 100.000% 100.000%      2.5     49.3   170217.0  OK
2026-07-30T19:44:53Z 100.000% 100.000% 100.000%      2.5     49.3   172204.0  OK
2026-07-30T19:45:00Z 100.000%     nan%     nan%      0.9     49.6   172204.0  OK
2026-07-30T19:45:06Z     n/a      n/a      n/a      n/a      n/a    172430.0  
2026-07-30T19:45:13Z     n/a      n/a      n/a      n/a      n/a    172430.0  
2026-07-30T19:45:20Z     n/a      n/a      n/a      n/a      n/a    172430.0  
2026-07-30T19:45:26Z     n/a      n/a      n/a      n/a      n/a    172430.0  
2026-07-30T19:45:33Z 100.000% 100.000% 100.000%      3.1     62.7   172430.0  OK
2026-07-30T19:45:39Z 100.000% 100.000% 100.000%      3.1     62.7   172430.0  OK
2026-07-30T19:45:46Z 100.000% 100.000% 100.000%      3.1     62.7   172430.0  OK
2026-07-30T19:45:53Z 100.000% 100.000% 100.000%      3.1     62.7   172560.0  OK
2026-07-30T19:45:59Z 100.000% 100.000% 100.000%      3.1     76.9   172560.0  OK
2026-07-30T19:46:05Z     n/a      n/a      n/a      n/a      n/a    170548.0  
2026-07-30T19:46:12Z     n/a      n/a      n/a      n/a      n/a    170548.0  
2026-07-30T19:46:19Z     n/a      n/a      n/a      n/a      n/a    170548.0  
2026-07-30T19:46:25Z     n/a      n/a      n/a      n/a      n/a    170548.0  
2026-07-30T19:46:31Z 100.000% 100.000% 100.000%      2.1     68.5   170548.0  OK
2026-07-30T19:46:38Z 100.000% 100.000% 100.000%      3.0     68.4   170548.0  OK
2026-07-30T19:46:45Z 100.000% 100.000% 100.000%      3.0     68.4   170548.0  OK
2026-07-30T19:46:52Z 100.000% 100.000% 100.000%      3.0     68.4   172718.0  OK
2026-07-30T19:46:59Z 100.000% 100.000% 100.000%      3.0     68.4   172718.0  OK
2026-07-30T19:47:05Z     n/a      n/a      n/a      n/a      n/a    170659.0  
2026-07-30T19:47:12Z     n/a      n/a      n/a      n/a      n/a    170659.0  
2026-07-30T19:47:18Z     n/a      n/a      n/a      n/a      n/a    170659.0  
2026-07-30T19:47:26Z     n/a      n/a      n/a      n/a      n/a    170659.0  
2026-07-30T19:47:33Z 100.000% 100.000% 100.000%      2.7     49.2   170659.0  OK
2026-07-30T19:47:40Z 100.000% 100.000% 100.000%      2.7     49.2   170659.0  OK
2026-07-30T19:47:46Z 100.000% 100.000% 100.000%      2.7     49.2   170659.0  OK
2026-07-30T19:47:52Z 100.000% 100.000% 100.000%      2.7     49.2   172819.0  OK
2026-07-30T19:47:59Z 100.000% 100.000% 100.000%      2.7     51.7   172819.0  OK
2026-07-30T19:48:06Z     n/a      n/a      n/a      n/a      n/a    172930.0  
2026-07-30T19:48:12Z     n/a      n/a      n/a      n/a      n/a    172930.0  
2026-07-30T19:48:19Z     n/a      n/a      n/a      n/a      n/a    172930.0  
2026-07-30T19:48:25Z     n/a      n/a      n/a      n/a      n/a    172930.0  
2026-07-30T19:48:34Z 100.000% 100.000% 100.000%      2.5     70.5   172930.0  OK
2026-07-30T19:48:40Z 100.000% 100.000% 100.000%      2.5     70.5   172930.0  OK
2026-07-30T19:48:46Z 100.000% 100.000% 100.000%      2.5     70.5   172930.0  OK
2026-07-30T19:48:53Z 100.000% 100.000% 100.000%      2.5     70.5   175149.0  OK
2026-07-30T19:49:00Z 100.000%     nan%     nan%      0.8     83.6   175149.0  OK
2026-07-30T19:49:07Z     n/a      n/a      n/a      n/a      n/a    173085.0  
2026-07-30T19:49:14Z     n/a      n/a      n/a      n/a      n/a    173085.0  
2026-07-30T19:49:20Z     n/a      n/a      n/a      n/a      n/a    173085.0  
2026-07-30T19:49:27Z 100.000% 100.000% 100.000%      2.2     69.2   173085.0  OK
2026-07-30T19:49:39Z 100.000% 100.000% 100.000%      2.2     69.2   173085.0  OK
2026-07-30T19:49:45Z 100.000% 100.000% 100.000%      2.2     69.2   173085.0  OK
2026-07-30T19:49:52Z 100.000% 100.000% 100.000%      2.2     69.2   175354.0  OK
2026-07-30T19:50:00Z 100.000%     nan%     nan%      0.8     85.5   175354.0  OK
2026-07-30T19:50:06Z     n/a      n/a      n/a      n/a      n/a    173138.0  
2026-07-30T19:50:13Z     n/a      n/a      n/a      n/a      n/a    173138.0  
2026-07-30T19:50:21Z     n/a      n/a      n/a      n/a      n/a    173138.0  
2026-07-30T19:50:29Z     n/a      n/a      n/a      n/a      n/a    173138.0  
2026-07-30T19:50:35Z 100.000% 100.000% 100.000%      2.9     66.5   173138.0  OK
2026-07-30T19:50:41Z 100.000% 100.000% 100.000%      2.9     66.5   173138.0  OK
2026-07-30T19:50:48Z 100.000% 100.000% 100.000%      2.9     66.5   175467.0  OK
2026-07-30T19:50:55Z 100.000% 100.000% 100.000%      2.9     66.5   175467.0  OK
2026-07-30T19:51:02Z 100.000%     nan%     nan%     n/a      n/a    175467.0  OK
2026-07-30T19:51:08Z     n/a      n/a      n/a      n/a      n/a    173406.0  
2026-07-30T19:51:14Z     n/a      n/a      n/a      n/a      n/a    173406.0  
2026-07-30T19:51:22Z     n/a      n/a      n/a      n/a      n/a    173406.0  
2026-07-30T19:51:28Z     n/a      n/a      n/a      n/a      n/a    173406.0  
2026-07-30T19:51:35Z 100.000% 100.000% 100.000%      2.4     56.8   173406.0  OK
2026-07-30T19:51:42Z 100.000% 100.000% 100.000%      2.4     56.8   173406.0  OK
2026-07-30T19:51:49Z 100.000% 100.000% 100.000%      2.4     56.8   175764.0  OK
2026-07-30T19:51:55Z 100.000% 100.000% 100.000%      2.4     56.8   175764.0  OK
2026-07-30T19:52:02Z     n/a      n/a      n/a      n/a      n/a    175764.0  
2026-07-30T19:52:09Z     n/a      n/a      n/a      n/a      n/a    173535.0  
2026-07-30T19:52:16Z     n/a      n/a      n/a      n/a      n/a    173535.0  
2026-07-30T19:52:22Z     n/a      n/a      n/a      n/a      n/a    173535.0  
2026-07-30T19:52:29Z     n/a      n/a      n/a      n/a      52.9   173535.0  
2026-07-30T19:52:36Z 100.000% 100.000% 100.000%      2.8     62.0   173535.0  OK
2026-07-30T19:52:42Z 100.000% 100.000% 100.000%      2.8     62.0   173535.0  OK
2026-07-30T19:52:49Z 100.000% 100.000% 100.000%      2.8     62.0   173625.0  OK
2026-07-30T19:52:55Z 100.000% 100.000% 100.000%      2.8     62.0   173625.0  OK
2026-07-30T19:53:02Z 100.000%     nan%     n/a      n/a      n/a    173625.0  OK
2026-07-30T19:53:08Z     n/a      n/a      n/a      n/a      n/a    171350.0  
2026-07-30T19:53:15Z     n/a      n/a      n/a      n/a      n/a    171350.0  
2026-07-30T19:53:21Z     n/a      n/a      n/a      n/a      n/a    171350.0  
2026-07-30T19:53:28Z     n/a      n/a      n/a      n/a      n/a    171350.0  
2026-07-30T19:53:35Z 100.000% 100.000% 100.000%      3.0     48.9   171350.0  OK
2026-07-30T19:53:42Z 100.000% 100.000% 100.000%      3.0     48.9   171350.0  OK
2026-07-30T19:53:48Z 100.000% 100.000% 100.000%      3.0     48.9   173644.0  OK
2026-07-30T19:53:54Z 100.000% 100.000% 100.000%      3.0     48.9   173644.0  OK
2026-07-30T19:54:01Z 100.000%     nan%     nan%      1.0     49.4   173644.0  OK
2026-07-30T19:54:08Z     n/a      n/a      n/a      n/a      n/a    171473.0  
2026-07-30T19:54:15Z     n/a      n/a      n/a      n/a      n/a    171473.0  
2026-07-30T19:54:22Z     n/a      n/a      n/a      n/a      n/a    171473.0  
2026-07-30T19:54:28Z     n/a      n/a      n/a      n/a      n/a    171473.0  
2026-07-30T19:54:35Z 100.000% 100.000% 100.000%      2.7     73.1   171473.0  OK
2026-07-30T19:54:42Z 100.000% 100.000% 100.000%      2.7     73.1   171473.0  OK
2026-07-30T19:54:48Z 100.000% 100.000% 100.000%      2.7     73.1   173988.0  OK
2026-07-30T19:54:55Z 100.000% 100.000% 100.000%      2.7     73.1   173988.0  OK
2026-07-30T19:55:02Z     n/a      n/a      n/a      n/a      n/a    173988.0  
2026-07-30T19:55:09Z     n/a      n/a      n/a      n/a      n/a    171773.0  
2026-07-30T19:55:16Z     n/a      n/a      n/a      n/a      n/a    171773.0  
2026-07-30T19:55:22Z     n/a      n/a      n/a      n/a      n/a    171773.0  
2026-07-30T19:55:29Z     n/a      n/a      n/a      n/a      n/a    171773.0  
2026-07-30T19:55:35Z 100.000% 100.000% 100.000%      2.5     65.9   171773.0  OK
2026-07-30T19:55:42Z 100.000% 100.000% 100.000%      2.5     65.9   171773.0  OK
2026-07-30T19:55:49Z 100.000% 100.000% 100.000%      2.5     65.9   174183.0  OK
2026-07-30T19:55:56Z 100.000% 100.000% 100.000%      2.5     65.9   174183.0  OK
2026-07-30T19:56:03Z     n/a      n/a      n/a      n/a      n/a    174183.0  
2026-07-30T19:56:10Z     n/a      n/a      n/a      n/a      n/a    174195.0  
2026-07-30T19:56:17Z     n/a      n/a      n/a      n/a      n/a    174195.0  
2026-07-30T19:56:24Z     n/a      n/a      n/a      n/a      n/a    174195.0  
2026-07-30T19:56:31Z 100.000% 100.000% 100.000%      1.9     48.7   174195.0  OK
2026-07-30T19:56:37Z 100.000% 100.000% 100.000%      3.0     49.3   174195.0  OK
2026-07-30T19:56:43Z 100.000% 100.000% 100.000%      3.0     49.3   174195.0  OK
2026-07-30T19:56:50Z 100.000% 100.000% 100.000%      3.0     49.3   174323.0  OK
2026-07-30T19:56:57Z 100.000% 100.000% 100.000%      3.0     49.3   174323.0  OK
2026-07-30T19:57:04Z     n/a      n/a      n/a      n/a      n/a    171902.0  
2026-07-30T19:57:11Z     n/a      n/a      n/a      n/a      n/a    171902.0  
2026-07-30T19:57:18Z     n/a      n/a      n/a      n/a      n/a    171902.0  
2026-07-30T19:57:25Z     n/a      n/a      n/a      n/a      n/a    171902.0  
2026-07-30T19:57:32Z 100.000% 100.000% 100.000%      1.6     49.5   171902.0  OK
2026-07-30T19:57:38Z 100.000% 100.000% 100.000%      2.7     49.5   171902.0  OK
2026-07-30T19:57:44Z 100.000% 100.000% 100.000%      2.7     49.5   171902.0  OK
2026-07-30T19:57:52Z 100.000% 100.000% 100.000%      2.7     49.5   174487.0  OK
2026-07-30T19:57:59Z 100.000% 100.000% 100.000%      2.7     49.5   174487.0  OK
2026-07-30T19:58:05Z     n/a      n/a      n/a      n/a      n/a    174546.0  
2026-07-30T19:58:12Z     n/a      n/a      n/a      n/a      n/a    174546.0  
2026-07-30T19:58:18Z     n/a      n/a      n/a      n/a      n/a    174546.0  
2026-07-30T19:58:25Z     n/a      n/a      n/a      n/a      n/a    174546.0  
2026-07-30T19:58:32Z 100.000% 100.000% 100.000%      2.8     77.9   174546.0  OK
2026-07-30T19:58:38Z 100.000% 100.000% 100.000%      2.8     77.9   174546.0  OK
2026-07-30T19:58:45Z 100.000% 100.000% 100.000%      2.8     77.9   174546.0  OK
2026-07-30T19:58:52Z 100.000% 100.000% 100.000%      2.8     77.9   174668.0  OK
2026-07-30T19:58:58Z 100.000% 100.000% 100.000%      2.8     77.9   174668.0  OK
2026-07-30T19:59:04Z     n/a      n/a      n/a      n/a      n/a    172125.0  
2026-07-30T19:59:11Z     n/a      n/a      n/a      n/a      n/a    172125.0  
2026-07-30T19:59:18Z     n/a      n/a      n/a      n/a      n/a    172125.0  
2026-07-30T19:59:25Z     n/a      n/a      n/a      n/a      n/a    172125.0  
2026-07-30T19:59:32Z 100.000% 100.000% 100.000%      2.5     49.8   172125.0  OK
2026-07-30T19:59:39Z 100.000% 100.000% 100.000%      2.5     49.8   172125.0  OK
2026-07-30T19:59:46Z 100.000% 100.000% 100.000%      2.5     49.8   172125.0  OK
2026-07-30T19:59:52Z 100.000% 100.000% 100.000%      2.5     49.8   174761.0  OK
2026-07-30T19:59:59Z 100.000% 100.000% 100.000%      2.5     49.8   174761.0  OK
2026-07-30T20:00:05Z     n/a      n/a      n/a      n/a      n/a    174861.0  
2026-07-30T20:00:12Z     n/a      n/a      n/a      n/a      n/a    174861.0  
2026-07-30T20:00:18Z     n/a      n/a      n/a      n/a      n/a    174861.0  
2026-07-30T20:00:25Z     n/a      n/a      n/a      n/a      n/a    174861.0  
2026-07-30T20:00:31Z 100.000% 100.000% 100.000%      1.8     55.0   174861.0  OK
2026-07-30T20:00:38Z 100.000% 100.000% 100.000%      2.7     50.0   174861.0  OK
2026-07-30T20:00:45Z 100.000% 100.000% 100.000%      2.7     50.0   174861.0  OK
2026-07-30T20:00:52Z 100.000% 100.000% 100.000%      2.7     50.0   177551.0  OK
2026-07-30T20:00:59Z 100.000% 100.000% 100.000%      2.7     50.0   177551.0  OK
2026-07-30T20:01:05Z     n/a      n/a      n/a      n/a      n/a    174915.0  
2026-07-30T20:01:12Z     n/a      n/a      n/a      n/a      n/a    174915.0  
2026-07-30T20:01:19Z     n/a      n/a      n/a      n/a      n/a    174915.0  
2026-07-30T20:01:26Z     n/a      n/a      n/a      n/a      n/a    174915.0  
2026-07-30T20:01:32Z 100.000% 100.000% 100.000%      2.6     68.6   174915.0  OK
2026-07-30T20:01:38Z 100.000% 100.000% 100.000%      2.6     68.6   174915.0  OK
2026-07-30T20:01:45Z 100.000% 100.000% 100.000%      2.6     68.6   174915.0  OK
2026-07-30T20:01:52Z 100.000% 100.000% 100.000%      2.6     68.6   175130.0  OK
2026-07-30T20:01:58Z 100.000% 100.000% 100.000%      2.6     68.6   175130.0  OK
2026-07-30T20:02:06Z     n/a      n/a      n/a      n/a      n/a    175183.0  
2026-07-30T20:02:12Z     n/a      n/a      n/a      n/a      n/a    175183.0  
2026-07-30T20:02:19Z     n/a      n/a      n/a      n/a      n/a    175183.0  
2026-07-30T20:02:25Z     n/a      n/a      n/a      n/a      n/a    175183.0  
2026-07-30T20:02:32Z 100.000% 100.000% 100.000%      2.6     60.5   175183.0  OK
2026-07-30T20:02:39Z 100.000% 100.000% 100.000%      2.6     60.5   175183.0  OK
2026-07-30T20:02:46Z 100.000% 100.000% 100.000%      2.6     60.5   175183.0  OK
2026-07-30T20:02:53Z 100.000% 100.000% 100.000%      2.6     60.5   177981.0  OK
2026-07-30T20:02:59Z 100.000%     nan%     nan%      0.9     73.0   177981.0  OK
2026-07-30T20:03:06Z     n/a      n/a      n/a      n/a      n/a    175344.0  
2026-07-30T20:03:12Z     n/a      n/a      n/a      n/a      n/a    175344.0  
2026-07-30T20:03:19Z     n/a      n/a      n/a      n/a      n/a    175344.0  
2026-07-30T20:03:26Z     n/a      n/a      n/a      n/a      n/a    175344.0  
2026-07-30T20:03:33Z 100.000% 100.000% 100.000%      2.7     49.4   175344.0  OK
2026-07-30T20:03:40Z 100.000% 100.000% 100.000%      2.7     49.4   175344.0  OK
2026-07-30T20:03:47Z 100.000% 100.000% 100.000%      2.7     49.4   175344.0  OK
2026-07-30T20:03:53Z 100.000% 100.000% 100.000%      2.7     49.4   175458.0  OK
2026-07-30T20:03:59Z 100.000% 100.000% 100.000%      0.9     49.4   175458.0  OK
2026-07-30T20:04:06Z     n/a      n/a      n/a      n/a      n/a    172647.0  
2026-07-30T20:04:14Z     n/a      n/a      n/a      n/a      n/a    172647.0  
2026-07-30T20:04:21Z     n/a      n/a      n/a      n/a      n/a    172647.0  
2026-07-30T20:04:27Z     n/a      n/a      n/a      n/a      n/a    172647.0  
2026-07-30T20:04:34Z 100.000% 100.000% 100.000%      2.7     49.5   172647.0  OK
2026-07-30T20:04:41Z 100.000% 100.000% 100.000%      2.7     49.5   172647.0  OK
2026-07-30T20:04:48Z 100.000% 100.000% 100.000%      2.7     49.5   175604.0  OK
2026-07-30T20:04:54Z 100.000% 100.000% 100.000%      2.7     49.5   175604.0  OK
2026-07-30T20:05:01Z 100.000%     nan%     nan%      0.9     n/a    175604.0  OK
2026-07-30T20:05:08Z     n/a      n/a      n/a      n/a      n/a    175668.0  
2026-07-30T20:05:15Z     n/a      n/a      n/a      n/a      n/a    175668.0  
2026-07-30T20:05:21Z     n/a      n/a      n/a      n/a      n/a    175668.0  
2026-07-30T20:05:27Z     n/a      n/a      n/a      n/a      n/a    175668.0  
2026-07-30T20:05:34Z 100.000% 100.000% 100.000%      2.4     59.4   175668.0  OK
2026-07-30T20:05:41Z 100.000% 100.000% 100.000%      2.4     59.4   175668.0  OK
2026-07-30T20:05:48Z 100.000% 100.000% 100.000%      2.4     59.4   178610.0  OK
2026-07-30T20:05:55Z 100.000% 100.000% 100.000%      2.4     59.4   178610.0  OK
2026-07-30T20:06:02Z 100.000%     nan%     nan%      0.9     n/a    178610.0  OK
2026-07-30T20:06:08Z     n/a      n/a      n/a      n/a      n/a    175713.0  
2026-07-30T20:06:14Z     n/a      n/a      n/a      n/a      n/a    175713.0  
2026-07-30T20:06:21Z     n/a      n/a      n/a      n/a      n/a    175713.0  
2026-07-30T20:06:29Z     n/a      n/a      n/a      n/a      n/a    175713.0  
2026-07-30T20:06:35Z 100.000% 100.000% 100.000%      2.5     57.8   175713.0  OK
2026-07-30T20:06:42Z 100.000% 100.000% 100.000%      2.5     57.8   175713.0  OK
2026-07-30T20:06:48Z 100.000% 100.000% 100.000%      2.5     57.8   178735.0  OK
2026-07-30T20:06:55Z 100.000% 100.000% 100.000%      2.5     57.8   178735.0  OK
2026-07-30T20:07:02Z 100.000%     nan%     nan%     n/a      n/a    178735.0  OK
query checkout_success failed: timed out
query browse_success failed: timed out
query cart_success failed: [WinError 10054] An existing connection was forcibly closed by the remote host
query checkout_rate failed: <urlopen error [WinError 10061] No connection could be made because the target machine actively refused it>
query checkout_p95 failed: <urlopen error [WinError 10061] No connection could be made because the target machine actively refused it>
query browse_p95 failed: <urlopen error [WinError 10061] No connection could be made because the target machine actively refused it>
query orders_confirmed failed: <urlopen error [WinError 10061] No connection could be made because the target machine actively refused it>
query payment_txns failed: <urlopen error [WinError 10061] No connection could be made because the target machine actively refused it>
2026-07-30T20:38:27Z     n/a      n/a      n/a      n/a      n/a        n/a   
query checkout_success failed: <urlopen error [WinError 10061] No connection could be made because the target machine actively refused it>
query browse_success failed: <urlopen error [WinError 10061] No connection could be made because the target machine actively refused it>
query cart_success failed: <urlopen error [WinError 10061] No connection could be made because the target machine actively refused it>
query checkout_rate failed: <urlopen error [WinError 10061] No connection could be made because the target machine actively refused it>
query checkout_p95 failed: <urlopen error [WinError 10061] No connection could be made because the target machine actively refused it>
query browse_p95 failed: <urlopen error [WinError 10061] No connection could be made because the target machine actively refused it>
query orders_confirmed failed: <urlopen error [WinError 10061] No connection could be made because the target machine actively refused it>
query payment_txns failed: <urlopen error [WinError 10061] No connection could be made because the target machine actively refused it>
2026-07-30T20:39:13Z     n/a      n/a      n/a      n/a      n/a        n/a   
query checkout_success failed: <urlopen error [WinError 10061] No connection could be made because the target machine actively refused it>
query browse_success failed: <urlopen error [WinError 10061] No connection could be made because the target machine actively refused it>
query cart_success failed: <urlopen error [WinError 10061] No connection could be made because the target machine actively refused it>
query checkout_rate failed: <urlopen error [WinError 10061] No connection could be made because the target machine actively refused it>
query checkout_p95 failed: <urlopen error [WinError 10061] No connection could be made because the target machine actively refused it>
query browse_p95 failed: <urlopen error [WinError 10061] No connection could be made because the target machine actively refused it>
query orders_confirmed failed: <urlopen error [WinError 10061] No connection could be made because the target machine actively refused it>
query payment_txns failed: <urlopen error [WinError 10061] No connection could be made because the target machine actively refused it>
2026-07-30T20:39:50Z     n/a      n/a      n/a      n/a      n/a        n/a   
query checkout_success failed: <urlopen error [WinError 10061] No connection could be made because the target machine actively refused it>
query browse_success failed: <urlopen error [WinError 10061] No connection could be made because the target machine actively refused it>
query cart_success failed: <urlopen error [WinError 10061] No connection could be made because the target machine actively refused it>
query checkout_rate failed: <urlopen error [WinError 10061] No connection could be made because the target machine actively refused it>
query checkout_p95 failed: <urlopen error [WinError 10061] No connection could be made because the target machine actively refused it>
query browse_p95 failed: <urlopen error [WinError 10061] No connection could be made because the target machine actively refused it>
query orders_confirmed failed: <urlopen error [WinError 10061] No connection could be made because the target machine actively refused it>
query payment_txns failed: <urlopen error [WinError 10061] No connection could be made because the target machine actively refused it>
2026-07-30T20:40:28Z     n/a      n/a      n/a      n/a      n/a        n/a   
query checkout_success failed: <urlopen error [WinError 10061] No connection could be made because the target machine actively refused it>
query browse_success failed: <urlopen error [WinError 10061] No connection could be made because the target machine actively refused it>
query cart_success failed: <urlopen error [WinError 10061] No connection could be made because the target machine actively refused it>
query checkout_rate failed: <urlopen error [WinError 10061] No connection could be made because the target machine actively refused it>
query checkout_p95 failed: <urlopen error [WinError 10061] No connection could be made because the target machine actively refused it>
query browse_p95 failed: <urlopen error [WinError 10061] No connection could be made because the target machine actively refused it>
query orders_confirmed failed: <urlopen error [WinError 10061] No connection could be made because the target machine actively refused it>
query payment_txns failed: <urlopen error [WinError 10061] No connection could be made because the target machine actively refused it>
2026-07-30T20:41:05Z     n/a      n/a      n/a      n/a      n/a        n/a   
query checkout_success failed: <urlopen error [WinError 10061] No connection could be made because the target machine actively refused it>
query browse_success failed: <urlopen error [WinError 10061] No connection could be made because the target machine actively refused it>
query cart_success failed: <urlopen error [WinError 10061] No connection could be made because the target machine actively refused it>
query checkout_rate failed: <urlopen error [WinError 10061] No connection could be made because the target machine actively refused it>
query checkout_p95 failed: <urlopen error [WinError 10061] No connection could be made because the target machine actively refused it>
query browse_p95 failed: <urlopen error [WinError 10061] No connection could be made because the target machine actively refused it>
query orders_confirmed failed: <urlopen error [WinError 10061] No connection could be made because the target machine actively refused it>
query payment_txns failed: <urlopen error [WinError 10061] No connection could be made because the target machine actively refused it>
2026-07-30T20:41:43Z     n/a      n/a      n/a      n/a      n/a        n/a   
query checkout_success failed: <urlopen error [WinError 10061] No connection could be made because the target machine actively refused it>
query browse_success failed: <urlopen error [WinError 10061] No connection could be made because the target machine actively refused it>
query cart_success failed: <urlopen error [WinError 10061] No connection could be made because the target machine actively refused it>
query checkout_rate failed: <urlopen error [WinError 10061] No connection could be made because the target machine actively refused it>
query checkout_p95 failed: <urlopen error [WinError 10061] No connection could be made because the target machine actively refused it>
query browse_p95 failed: <urlopen error [WinError 10061] No connection could be made because the target machine actively refused it>
query orders_confirmed failed: <urlopen error [WinError 10061] No connection could be made because the target machine actively refused it>
query payment_txns failed: <urlopen error [WinError 10061] No connection could be made because the target machine actively refused it>
2026-07-30T20:42:20Z     n/a      n/a      n/a      n/a      n/a        n/a   
query checkout_success failed: <urlopen error [WinError 10061] No connection could be made because the target machine actively refused it>
query browse_success failed: <urlopen error [WinError 10061] No connection could be made because the target machine actively refused it>
query cart_success failed: <urlopen error [WinError 10061] No connection could be made because the target machine actively refused it>
query checkout_rate failed: <urlopen error [WinError 10061] No connection could be made because the target machine actively refused it>
query checkout_p95 failed: <urlopen error [WinError 10061] No connection could be made because the target machine actively refused it>
query browse_p95 failed: <urlopen error [WinError 10061] No connection could be made because the target machine actively refused it>
query orders_confirmed failed: <urlopen error [WinError 10061] No connection could be made because the target machine actively refused it>
query payment_txns failed: <urlopen error [WinError 10061] No connection could be made because the target machine actively refused it>
2026-07-30T20:42:58Z     n/a      n/a      n/a      n/a      n/a        n/a   
query checkout_success failed: <urlopen error [WinError 10061] No connection could be made because the target machine actively refused it>
query browse_success failed: <urlopen error [WinError 10061] No connection could be made because the target machine actively refused it>
query cart_success failed: <urlopen error [WinError 10061] No connection could be made because the target machine actively refused it>
query checkout_rate failed: <urlopen error [WinError 10061] No connection could be made because the target machine actively refused it>
query checkout_p95 failed: <urlopen error [WinError 10061] No connection could be made because the target machine actively refused it>
query browse_p95 failed: <urlopen error [WinError 10061] No connection could be made because the target machine actively refused it>
query orders_confirmed failed: <urlopen error [WinError 10061] No connection could be made because the target machine actively refused it>
query payment_txns failed: <urlopen error [WinError 10061] No connection could be made because the target machine actively refused it>
2026-07-30T20:43:35Z     n/a      n/a      n/a      n/a      n/a        n/a   
query checkout_success failed: <urlopen error [WinError 10061] No connection could be made because the target machine actively refused it>
query browse_success failed: <urlopen error [WinError 10061] No connection could be made because the target machine actively refused it>
query cart_success failed: <urlopen error [WinError 10061] No connection could be made because the target machine actively refused it>
query checkout_rate failed: <urlopen error [WinError 10061] No connection could be made because the target machine actively refused it>
query checkout_p95 failed: <urlopen error [WinError 10061] No connection could be made because the target machine actively refused it>
query browse_p95 failed: <urlopen error [WinError 10061] No connection could be made because the target machine actively refused it>
query orders_confirmed failed: <urlopen error [WinError 10061] No connection could be made because the target machine actively refused it>
query payment_txns failed: <urlopen error [WinError 10061] No connection could be made because the target machine actively refused it>
2026-07-30T20:44:13Z     n/a      n/a      n/a      n/a      n/a        n/a   
query checkout_success failed: <urlopen error [WinError 10061] No connection could be made because the target machine actively refused it>
query browse_success failed: <urlopen error [WinError 10061] No connection could be made because the target machine actively refused it>
query cart_success failed: <urlopen error [WinError 10061] No connection could be made because the target machine actively refused it>
query checkout_rate failed: <urlopen error [WinError 10061] No connection could be made because the target machine actively refused it>
query checkout_p95 failed: <urlopen error [WinError 10061] No connection could be made because the target machine actively refused it>
query browse_p95 failed: <urlopen error [WinError 10061] No connection could be made because the target machine actively refused it>
query orders_confirmed failed: <urlopen error [WinError 10061] No connection could be made because the target machine actively refused it>
query payment_txns failed: <urlopen error [WinError 10061] No connection could be made because the target machine actively refused it>
2026-07-30T20:44:51Z     n/a      n/a      n/a      n/a      n/a        n/a   
query checkout_success failed: <urlopen error [WinError 10061] No connection could be made because the target machine actively refused it>
query browse_success failed: <urlopen error [WinError 10061] No connection could be made because the target machine actively refused it>
query cart_success failed: <urlopen error [WinError 10061] No connection could be made because the target machine actively refused it>
query checkout_rate failed: <urlopen error [WinError 10061] No connection could be made because the target machine actively refused it>
query checkout_p95 failed: <urlopen error [WinError 10061] No connection could be made because the target machine actively refused it>
query browse_p95 failed: <urlopen error [WinError 10061] No connection could be made because the target machine actively refused it>
query orders_confirmed failed: <urlopen error [WinError 10061] No connection could be made because the target machine actively refused it>
query payment_txns failed: <urlopen error [WinError 10061] No connection could be made because the target machine actively refused it>
2026-07-30T20:45:28Z     n/a      n/a      n/a      n/a      n/a        n/a   
query checkout_success failed: <urlopen error [WinError 10061] No connection could be made because the target machine actively refused it>
query browse_success failed: <urlopen error [WinError 10061] No connection could be made because the target machine actively refused it>
query cart_success failed: <urlopen error [WinError 10061] No connection could be made because the target machine actively refused it>
query checkout_rate failed: <urlopen error [WinError 10061] No connection could be made because the target machine actively refused it>
query checkout_p95 failed: <urlopen error [WinError 10061] No connection could be made because the target machine actively refused it>
query browse_p95 failed: <urlopen error [WinError 10061] No connection could be made because the target machine actively refused it>
query orders_confirmed failed: <urlopen error [WinError 10061] No connection could be made because the target machine actively refused it>
query payment_txns failed: <urlopen error [WinError 10061] No connection could be made because the target machine actively refused it>
2026-07-30T20:46:06Z     n/a      n/a      n/a      n/a      n/a        n/a   
query checkout_success failed: <urlopen error [WinError 10061] No connection could be made because the target machine actively refused it>
query browse_success failed: <urlopen error [WinError 10061] No connection could be made because the target machine actively refused it>
query cart_success failed: <urlopen error [WinError 10061] No connection could be made because the target machine actively refused it>
query checkout_rate failed: <urlopen error [WinError 10061] No connection could be made because the target machine actively refused it>
query checkout_p95 failed: <urlopen error [WinError 10061] No connection could be made because the target machine actively refused it>
query browse_p95 failed: <urlopen error [WinError 10061] No connection could be made because the target machine actively refused it>
query orders_confirmed failed: <urlopen error [WinError 10061] No connection could be made because the target machine actively refused it>
query payment_txns failed: <urlopen error [WinError 10061] No connection could be made because the target machine actively refused it>
2026-07-30T20:46:43Z     n/a      n/a      n/a      n/a      n/a        n/a   
query checkout_success failed: <urlopen error [WinError 10061] No connection could be made because the target machine actively refused it>
query browse_success failed: <urlopen error [WinError 10061] No connection could be made because the target machine actively refused it>
query cart_success failed: <urlopen error [WinError 10061] No connection could be made because the target machine actively refused it>
query checkout_rate failed: <urlopen error [WinError 10061] No connection could be made because the target machine actively refused it>
query checkout_p95 failed: <urlopen error [WinError 10061] No connection could be made because the target machine actively refused it>
query browse_p95 failed: <urlopen error [WinError 10061] No connection could be made because the target machine actively refused it>
query orders_confirmed failed: <urlopen error [WinError 10061] No connection could be made because the target machine actively refused it>
query payment_txns failed: <urlopen error [WinError 10061] No connection could be made because the target machine actively refused it>
2026-07-30T20:47:21Z     n/a      n/a      n/a      n/a      n/a        n/a   
query checkout_success failed: <urlopen error [WinError 10061] No connection could be made because the target machine actively refused it>
query browse_success failed: <urlopen error [WinError 10061] No connection could be made because the target machine actively refused it>
query cart_success failed: <urlopen error [WinError 10061] No connection could be made because the target machine actively refused it>
query checkout_rate failed: <urlopen error [WinError 10061] No connection could be made because the target machine actively refused it>
query checkout_p95 failed: <urlopen error [WinError 10061] No connection could be made because the target machine actively refused it>
query browse_p95 failed: <urlopen error [WinError 10061] No connection could be made because the target machine actively refused it>
query orders_confirmed failed: <urlopen error [WinError 10061] No connection could be made because the target machine actively refused it>
query payment_txns failed: <urlopen error [WinError 10061] No connection could be made because the target machine actively refused it>
2026-07-30T20:47:58Z     n/a      n/a      n/a      n/a      n/a        n/a   
query checkout_success failed: <urlopen error [WinError 10061] No connection could be made because the target machine actively refused it>
query browse_success failed: <urlopen error [WinError 10061] No connection could be made because the target machine actively refused it>
query cart_success failed: <urlopen error [WinError 10061] No connection could be made because the target machine actively refused it>
query checkout_rate failed: <urlopen error [WinError 10061] No connection could be made because the target machine actively refused it>
query checkout_p95 failed: <urlopen error [WinError 10061] No connection could be made because the target machine actively refused it>
query browse_p95 failed: <urlopen error [WinError 10061] No connection could be made because the target machine actively refused it>
query orders_confirmed failed: <urlopen error [WinError 10061] No connection could be made because the target machine actively refused it>
query payment_txns failed: <urlopen error [WinError 10061] No connection could be made because the target machine actively refused it>
2026-07-30T20:48:36Z     n/a      n/a      n/a      n/a      n/a        n/a   
query checkout_success failed: <urlopen error [WinError 10061] No connection could be made because the target machine actively refused it>
query browse_success failed: <urlopen error [WinError 10061] No connection could be made because the target machine actively refused it>
query cart_success failed: <urlopen error [WinError 10061] No connection could be made because the target machine actively refused it>
query checkout_rate failed: <urlopen error [WinError 10061] No connection could be made because the target machine actively refused it>
query checkout_p95 failed: <urlopen error [WinError 10061] No connection could be made because the target machine actively refused it>
query browse_p95 failed: <urlopen error [WinError 10061] No connection could be made because the target machine actively refused it>
query orders_confirmed failed: <urlopen error [WinError 10061] No connection could be made because the target machine actively refused it>
query payment_txns failed: <urlopen error [WinError 10061] No connection could be made because the target machine actively refused it>
2026-07-30T20:49:13Z     n/a      n/a      n/a      n/a      n/a        n/a   
query checkout_success failed: <urlopen error [WinError 10061] No connection could be made because the target machine actively refused it>
query browse_success failed: <urlopen error [WinError 10061] No connection could be made because the target machine actively refused it>
query cart_success failed: <urlopen error [WinError 10061] No connection could be made because the target machine actively refused it>
query checkout_rate failed: <urlopen error [WinError 10061] No connection could be made because the target machine actively refused it>
query checkout_p95 failed: <urlopen error [WinError 10061] No connection could be made because the target machine actively refused it>
query browse_p95 failed: <urlopen error [WinError 10061] No connection could be made because the target machine actively refused it>
query orders_confirmed failed: <urlopen error [WinError 10061] No connection could be made because the target machine actively refused it>
query payment_txns failed: <urlopen error [WinError 10061] No connection could be made because the target machine actively refused it>
2026-07-30T20:49:51Z     n/a      n/a      n/a      n/a      n/a        n/a   
query checkout_success failed: <urlopen error [WinError 10061] No connection could be made because the target machine actively refused it>
query browse_success failed: <urlopen error [WinError 10061] No connection could be made because the target machine actively refused it>
query cart_success failed: <urlopen error [WinError 10061] No connection could be made because the target machine actively refused it>
query checkout_rate failed: <urlopen error [WinError 10061] No connection could be made because the target machine actively refused it>
query checkout_p95 failed: <urlopen error [WinError 10061] No connection could be made because the target machine actively refused it>
query browse_p95 failed: <urlopen error [WinError 10061] No connection could be made because the target machine actively refused it>
query orders_confirmed failed: <urlopen error [WinError 10061] No connection could be made because the target machine actively refused it>
query payment_txns failed: <urlopen error [WinError 10061] No connection could be made because the target machine actively refused it>
2026-07-30T20:50:29Z     n/a      n/a      n/a      n/a      n/a        n/a   
query checkout_success failed: <urlopen error [WinError 10061] No connection could be made because the target machine actively refused it>
query browse_success failed: <urlopen error [WinError 10061] No connection could be made because the target machine actively refused it>
query cart_success failed: <urlopen error [WinError 10061] No connection could be made because the target machine actively refused it>
query checkout_rate failed: <urlopen error [WinError 10061] No connection could be made because the target machine actively refused it>
query checkout_p95 failed: <urlopen error [WinError 10061] No connection could be made because the target machine actively refused it>
query browse_p95 failed: <urlopen error [WinError 10061] No connection could be made because the target machine actively refused it>
query orders_confirmed failed: <urlopen error [WinError 10061] No connection could be made because the target machine actively refused it>
query payment_txns failed: <urlopen error [WinError 10061] No connection could be made because the target machine actively refused it>
2026-07-30T20:51:06Z     n/a      n/a      n/a      n/a      n/a        n/a   
query checkout_success failed: <urlopen error [WinError 10061] No connection could be made because the target machine actively refused it>
query browse_success failed: <urlopen error [WinError 10061] No connection could be made because the target machine actively refused it>
query cart_success failed: <urlopen error [WinError 10061] No connection could be made because the target machine actively refused it>
query checkout_rate failed: <urlopen error [WinError 10061] No connection could be made because the target machine actively refused it>
query checkout_p95 failed: <urlopen error [WinError 10061] No connection could be made because the target machine actively refused it>
query browse_p95 failed: <urlopen error [WinError 10061] No connection could be made because the target machine actively refused it>
query orders_confirmed failed: <urlopen error [WinError 10061] No connection could be made because the target machine actively refused it>
query payment_txns failed: <urlopen error [WinError 10061] No connection could be made because the target machine actively refused it>
2026-07-30T20:51:44Z     n/a      n/a      n/a      n/a      n/a        n/a   
query checkout_success failed: <urlopen error [WinError 10061] No connection could be made because the target machine actively refused it>
query browse_success failed: <urlopen error [WinError 10061] No connection could be made because the target machine actively refused it>
query cart_success failed: <urlopen error [WinError 10061] No connection could be made because the target machine actively refused it>
query checkout_rate failed: <urlopen error [WinError 10061] No connection could be made because the target machine actively refused it>
query checkout_p95 failed: <urlopen error [WinError 10061] No connection could be made because the target machine actively refused it>
query browse_p95 failed: <urlopen error [WinError 10061] No connection could be made because the target machine actively refused it>
query orders_confirmed failed: <urlopen error [WinError 10061] No connection could be made because the target machine actively refused it>
query payment_txns failed: <urlopen error [WinError 10061] No connection could be made because the target machine actively refused it>
2026-07-30T20:52:21Z     n/a      n/a      n/a      n/a      n/a        n/a   
query checkout_success failed: <urlopen error [WinError 10061] No connection could be made because the target machine actively refused it>
query browse_success failed: <urlopen error [WinError 10061] No connection could be made because the target machine actively refused it>
query cart_success failed: <urlopen error [WinError 10061] No connection could be made because the target machine actively refused it>
query checkout_rate failed: <urlopen error [WinError 10061] No connection could be made because the target machine actively refused it>
query checkout_p95 failed: <urlopen error [WinError 10061] No connection could be made because the target machine actively refused it>
query browse_p95 failed: <urlopen error [WinError 10061] No connection could be made because the target machine actively refused it>
query orders_confirmed failed: <urlopen error [WinError 10061] No connection could be made because the target machine actively refused it>
query payment_txns failed: <urlopen error [WinError 10061] No connection could be made because the target machine actively refused it>
2026-07-30T20:52:59Z     n/a      n/a      n/a      n/a      n/a        n/a   
query checkout_success failed: <urlopen error [WinError 10061] No connection could be made because the target machine actively refused it>
query browse_success failed: <urlopen error [WinError 10061] No connection could be made because the target machine actively refused it>
query cart_success failed: <urlopen error [WinError 10061] No connection could be made because the target machine actively refused it>
query checkout_rate failed: <urlopen error [WinError 10061] No connection could be made because the target machine actively refused it>
query checkout_p95 failed: <urlopen error [WinError 10061] No connection could be made because the target machine actively refused it>
query browse_p95 failed: <urlopen error [WinError 10061] No connection could be made because the target machine actively refused it>
query orders_confirmed failed: <urlopen error [WinError 10061] No connection could be made because the target machine actively refused it>
query payment_txns failed: <urlopen error [WinError 10061] No connection could be made because the target machine actively refused it>
2026-07-30T20:53:37Z     n/a      n/a      n/a      n/a      n/a        n/a   
query checkout_success failed: <urlopen error [WinError 10061] No connection could be made because the target machine actively refused it>
query browse_success failed: <urlopen error [WinError 10061] No connection could be made because the target machine actively refused it>
query cart_success failed: <urlopen error [WinError 10061] No connection could be made because the target machine actively refused it>
query checkout_rate failed: <urlopen error [WinError 10061] No connection could be made because the target machine actively refused it>
query checkout_p95 failed: <urlopen error [WinError 10061] No connection could be made because the target machine actively refused it>
query browse_p95 failed: <urlopen error [WinError 10061] No connection could be made because the target machine actively refused it>
query orders_confirmed failed: <urlopen error [WinError 10061] No connection could be made because the target machine actively refused it>
query payment_txns failed: <urlopen error [WinError 10061] No connection could be made because the target machine actively refused it>
2026-07-30T20:54:15Z     n/a      n/a      n/a      n/a      n/a        n/a   
query checkout_success failed: <urlopen error [WinError 10061] No connection could be made because the target machine actively refused it>
query browse_success failed: <urlopen error [WinError 10061] No connection could be made because the target machine actively refused it>
query cart_success failed: <urlopen error [WinError 10061] No connection could be made because the target machine actively refused it>
query checkout_rate failed: <urlopen error [WinError 10061] No connection could be made because the target machine actively refused it>
query checkout_p95 failed: <urlopen error [WinError 10061] No connection could be made because the target machine actively refused it>
query browse_p95 failed: <urlopen error [WinError 10061] No connection could be made because the target machine actively refused it>
query orders_confirmed failed: <urlopen error [WinError 10061] No connection could be made because the target machine actively refused it>
query payment_txns failed: <urlopen error [WinError 10061] No connection could be made because the target machine actively refused it>
2026-07-30T20:54:52Z     n/a      n/a      n/a      n/a      n/a        n/a   
query checkout_success failed: <urlopen error [WinError 10061] No connection could be made because the target machine actively refused it>
query browse_success failed: <urlopen error [WinError 10061] No connection could be made because the target machine actively refused it>
query cart_success failed: <urlopen error [WinError 10061] No connection could be made because the target machine actively refused it>
query checkout_rate failed: <urlopen error [WinError 10061] No connection could be made because the target machine actively refused it>
query checkout_p95 failed: <urlopen error [WinError 10061] No connection could be made because the target machine actively refused it>
query browse_p95 failed: <urlopen error [WinError 10061] No connection could be made because the target machine actively refused it>
query orders_confirmed failed: <urlopen error [WinError 10061] No connection could be made because the target machine actively refused it>
query payment_txns failed: <urlopen error [WinError 10061] No connection could be made because the target machine actively refused it>
2026-07-30T20:55:30Z     n/a      n/a      n/a      n/a      n/a        n/a   
query checkout_success failed: <urlopen error [WinError 10061] No connection could be made because the target machine actively refused it>
query browse_success failed: <urlopen error [WinError 10061] No connection could be made because the target machine actively refused it>
query cart_success failed: <urlopen error [WinError 10061] No connection could be made because the target machine actively refused it>
query checkout_rate failed: <urlopen error [WinError 10061] No connection could be made because the target machine actively refused it>
query checkout_p95 failed: <urlopen error [WinError 10061] No connection could be made because the target machine actively refused it>
query browse_p95 failed: <urlopen error [WinError 10061] No connection could be made because the target machine actively refused it>
query orders_confirmed failed: <urlopen error [WinError 10061] No connection could be made because the target machine actively refused it>
query payment_txns failed: <urlopen error [WinError 10061] No connection could be made because the target machine actively refused it>
2026-07-30T20:56:07Z     n/a      n/a      n/a      n/a      n/a        n/a   
query checkout_success failed: <urlopen error [WinError 10061] No connection could be made because the target machine actively refused it>
query browse_success failed: <urlopen error [WinError 10061] No connection could be made because the target machine actively refused it>
query cart_success failed: <urlopen error [WinError 10061] No connection could be made because the target machine actively refused it>
query checkout_rate failed: <urlopen error [WinError 10061] No connection could be made because the target machine actively refused it>
query checkout_p95 failed: <urlopen error [WinError 10061] No connection could be made because the target machine actively refused it>
query browse_p95 failed: <urlopen error [WinError 10061] No connection could be made because the target machine actively refused it>
query orders_confirmed failed: <urlopen error [WinError 10061] No connection could be made because the target machine actively refused it>
query payment_txns failed: <urlopen error [WinError 10061] No connection could be made because the target machine actively refused it>
2026-07-30T20:56:45Z     n/a      n/a      n/a      n/a      n/a        n/a   
query checkout_success failed: <urlopen error [WinError 10061] No connection could be made because the target machine actively refused it>
query browse_success failed: <urlopen error [WinError 10061] No connection could be made because the target machine actively refused it>
query cart_success failed: <urlopen error [WinError 10061] No connection could be made because the target machine actively refused it>
query checkout_rate failed: <urlopen error [WinError 10061] No connection could be made because the target machine actively refused it>
query checkout_p95 failed: <urlopen error [WinError 10061] No connection could be made because the target machine actively refused it>
query browse_p95 failed: <urlopen error [WinError 10061] No connection could be made because the target machine actively refused it>
query orders_confirmed failed: <urlopen error [WinError 10061] No connection could be made because the target machine actively refused it>
query payment_txns failed: <urlopen error [WinError 10061] No connection could be made because the target machine actively refused it>
2026-07-30T20:57:22Z     n/a      n/a      n/a      n/a      n/a        n/a   
query checkout_success failed: <urlopen error [WinError 10061] No connection could be made because the target machine actively refused it>
query browse_success failed: <urlopen error [WinError 10061] No connection could be made because the target machine actively refused it>
query cart_success failed: <urlopen error [WinError 10061] No connection could be made because the target machine actively refused it>
query checkout_rate failed: <urlopen error [WinError 10061] No connection could be made because the target machine actively refused it>
query checkout_p95 failed: <urlopen error [WinError 10061] No connection could be made because the target machine actively refused it>
query browse_p95 failed: <urlopen error [WinError 10061] No connection could be made because the target machine actively refused it>
query orders_confirmed failed: <urlopen error [WinError 10061] No connection could be made because the target machine actively refused it>
query payment_txns failed: <urlopen error [WinError 10061] No connection could be made because the target machine actively refused it>
2026-07-30T20:58:00Z     n/a      n/a      n/a      n/a      n/a        n/a   
query checkout_success failed: <urlopen error [WinError 10061] No connection could be made because the target machine actively refused it>
query browse_success failed: <urlopen error [WinError 10061] No connection could be made because the target machine actively refused it>
query cart_success failed: <urlopen error [WinError 10061] No connection could be made because the target machine actively refused it>
query checkout_rate failed: <urlopen error [WinError 10061] No connection could be made because the target machine actively refused it>
query checkout_p95 failed: <urlopen error [WinError 10061] No connection could be made because the target machine actively refused it>
query browse_p95 failed: <urlopen error [WinError 10061] No connection could be made because the target machine actively refused it>
query orders_confirmed failed: <urlopen error [WinError 10061] No connection could be made because the target machine actively refused it>
query payment_txns failed: <urlopen error [WinError 10061] No connection could be made because the target machine actively refused it>
2026-07-30T20:58:38Z     n/a      n/a      n/a      n/a      n/a        n/a   
query checkout_success failed: <urlopen error [WinError 10061] No connection could be made because the target machine actively refused it>
query browse_success failed: <urlopen error [WinError 10061] No connection could be made because the target machine actively refused it>
query cart_success failed: <urlopen error [WinError 10061] No connection could be made because the target machine actively refused it>
query checkout_rate failed: <urlopen error [WinError 10061] No connection could be made because the target machine actively refused it>
query checkout_p95 failed: <urlopen error [WinError 10061] No connection could be made because the target machine actively refused it>
query browse_p95 failed: <urlopen error [WinError 10061] No connection could be made because the target machine actively refused it>
query orders_confirmed failed: <urlopen error [WinError 10061] No connection could be made because the target machine actively refused it>
query payment_txns failed: <urlopen error [WinError 10061] No connection could be made because the target machine actively refused it>
2026-07-30T20:59:15Z     n/a      n/a      n/a      n/a      n/a        n/a   
query checkout_success failed: <urlopen error [WinError 10061] No connection could be made because the target machine actively refused it>
query browse_success failed: <urlopen error [WinError 10061] No connection could be made because the target machine actively refused it>
query cart_success failed: <urlopen error [WinError 10061] No connection could be made because the target machine actively refused it>
query checkout_rate failed: <urlopen error [WinError 10061] No connection could be made because the target machine actively refused it>
query checkout_p95 failed: <urlopen error [WinError 10061] No connection could be made because the target machine actively refused it>
query browse_p95 failed: <urlopen error [WinError 10061] No connection could be made because the target machine actively refused it>
query orders_confirmed failed: <urlopen error [WinError 10061] No connection could be made because the target machine actively refused it>
query payment_txns failed: <urlopen error [WinError 10061] No connection could be made because the target machine actively refused it>
2026-07-30T20:59:53Z     n/a      n/a      n/a      n/a      n/a        n/a   
query checkout_success failed: <urlopen error [WinError 10061] No connection could be made because the target machine actively refused it>
query browse_success failed: <urlopen error [WinError 10061] No connection could be made because the target machine actively refused it>
query cart_success failed: <urlopen error [WinError 10061] No connection could be made because the target machine actively refused it>
query checkout_rate failed: <urlopen error [WinError 10061] No connection could be made because the target machine actively refused it>
query checkout_p95 failed: <urlopen error [WinError 10061] No connection could be made because the target machine actively refused it>
query browse_p95 failed: <urlopen error [WinError 10061] No connection could be made because the target machine actively refused it>
query orders_confirmed failed: <urlopen error [WinError 10061] No connection could be made because the target machine actively refused it>
query payment_txns failed: <urlopen error [WinError 10061] No connection could be made because the target machine actively refused it>
2026-07-30T21:00:31Z     n/a      n/a      n/a      n/a      n/a        n/a   
query checkout_success failed: <urlopen error [WinError 10061] No connection could be made because the target machine actively refused it>
query browse_success failed: <urlopen error [WinError 10061] No connection could be made because the target machine actively refused it>
query cart_success failed: <urlopen error [WinError 10061] No connection could be made because the target machine actively refused it>
query checkout_rate failed: <urlopen error [WinError 10061] No connection could be made because the target machine actively refused it>
query checkout_p95 failed: <urlopen error [WinError 10061] No connection could be made because the target machine actively refused it>
query browse_p95 failed: <urlopen error [WinError 10061] No connection could be made because the target machine actively refused it>
query orders_confirmed failed: <urlopen error [WinError 10061] No connection could be made because the target machine actively refused it>
query payment_txns failed: <urlopen error [WinError 10061] No connection could be made because the target machine actively refused it>
2026-07-30T21:01:08Z     n/a      n/a      n/a      n/a      n/a        n/a   
query checkout_success failed: <urlopen error [WinError 10061] No connection could be made because the target machine actively refused it>
query browse_success failed: <urlopen error [WinError 10061] No connection could be made because the target machine actively refused it>
query cart_success failed: <urlopen error [WinError 10061] No connection could be made because the target machine actively refused it>
query checkout_rate failed: <urlopen error [WinError 10061] No connection could be made because the target machine actively refused it>
query checkout_p95 failed: <urlopen error [WinError 10061] No connection could be made because the target machine actively refused it>
query browse_p95 failed: <urlopen error [WinError 10061] No connection could be made because the target machine actively refused it>
query orders_confirmed failed: <urlopen error [WinError 10061] No connection could be made because the target machine actively refused it>
query payment_txns failed: <urlopen error [WinError 10061] No connection could be made because the target machine actively refused it>
2026-07-30T21:01:46Z     n/a      n/a      n/a      n/a      n/a        n/a   
query checkout_success failed: <urlopen error [WinError 10061] No connection could be made because the target machine actively refused it>
query browse_success failed: <urlopen error [WinError 10061] No connection could be made because the target machine actively refused it>
query cart_success failed: <urlopen error [WinError 10061] No connection could be made because the target machine actively refused it>
query checkout_rate failed: <urlopen error [WinError 10061] No connection could be made because the target machine actively refused it>
query checkout_p95 failed: <urlopen error [WinError 10061] No connection could be made because the target machine actively refused it>
query browse_p95 failed: <urlopen error [WinError 10061] No connection could be made because the target machine actively refused it>
query orders_confirmed failed: <urlopen error [WinError 10061] No connection could be made because the target machine actively refused it>
query payment_txns failed: <urlopen error [WinError 10061] No connection could be made because the target machine actively refused it>
2026-07-30T21:02:23Z     n/a      n/a      n/a      n/a      n/a        n/a   
query checkout_success failed: <urlopen error [WinError 10061] No connection could be made because the target machine actively refused it>
query browse_success failed: <urlopen error [WinError 10061] No connection could be made because the target machine actively refused it>
query cart_success failed: <urlopen error [WinError 10061] No connection could be made because the target machine actively refused it>
query checkout_rate failed: <urlopen error [WinError 10061] No connection could be made because the target machine actively refused it>
query checkout_p95 failed: <urlopen error [WinError 10061] No connection could be made because the target machine actively refused it>
query browse_p95 failed: <urlopen error [WinError 10061] No connection could be made because the target machine actively refused it>
query orders_confirmed failed: <urlopen error [WinError 10061] No connection could be made because the target machine actively refused it>
query payment_txns failed: <urlopen error [WinError 10061] No connection could be made because the target machine actively refused it>
2026-07-30T21:03:01Z     n/a      n/a      n/a      n/a      n/a        n/a   
query checkout_success failed: <urlopen error [WinError 10061] No connection could be made because the target machine actively refused it>
query browse_success failed: <urlopen error [WinError 10061] No connection could be made because the target machine actively refused it>
query cart_success failed: <urlopen error [WinError 10061] No connection could be made because the target machine actively refused it>
query checkout_rate failed: <urlopen error [WinError 10061] No connection could be made because the target machine actively refused it>
query checkout_p95 failed: <urlopen error [WinError 10061] No connection could be made because the target machine actively refused it>
query browse_p95 failed: <urlopen error [WinError 10061] No connection could be made because the target machine actively refused it>
query orders_confirmed failed: <urlopen error [WinError 10061] No connection could be made because the target machine actively refused it>
query payment_txns failed: <urlopen error [WinError 10061] No connection could be made because the target machine actively refused it>
2026-07-30T21:03:39Z     n/a      n/a      n/a      n/a      n/a        n/a   
query checkout_success failed: <urlopen error [WinError 10061] No connection could be made because the target machine actively refused it>
query browse_success failed: <urlopen error [WinError 10061] No connection could be made because the target machine actively refused it>
query cart_success failed: <urlopen error [WinError 10061] No connection could be made because the target machine actively refused it>
query checkout_rate failed: <urlopen error [WinError 10061] No connection could be made because the target machine actively refused it>
query checkout_p95 failed: <urlopen error [WinError 10061] No connection could be made because the target machine actively refused it>
query browse_p95 failed: <urlopen error [WinError 10061] No connection could be made because the target machine actively refused it>
query orders_confirmed failed: <urlopen error [WinError 10061] No connection could be made because the target machine actively refused it>
query payment_txns failed: <urlopen error [WinError 10061] No connection could be made because the target machine actively refused it>
2026-07-30T21:04:16Z     n/a      n/a      n/a      n/a      n/a        n/a   
query checkout_success failed: <urlopen error [WinError 10061] No connection could be made because the target machine actively refused it>
query browse_success failed: <urlopen error [WinError 10061] No connection could be made because the target machine actively refused it>
query cart_success failed: <urlopen error [WinError 10061] No connection could be made because the target machine actively refused it>
query checkout_rate failed: <urlopen error [WinError 10061] No connection could be made because the target machine actively refused it>
query checkout_p95 failed: <urlopen error [WinError 10061] No connection could be made because the target machine actively refused it>
query browse_p95 failed: <urlopen error [WinError 10061] No connection could be made because the target machine actively refused it>
query orders_confirmed failed: <urlopen error [WinError 10061] No connection could be made because the target machine actively refused it>
query payment_txns failed: <urlopen error [WinError 10061] No connection could be made because the target machine actively refused it>
2026-07-30T21:04:54Z     n/a      n/a      n/a      n/a      n/a        n/a   
query checkout_success failed: <urlopen error [WinError 10061] No connection could be made because the target machine actively refused it>
query browse_success failed: <urlopen error [WinError 10061] No connection could be made because the target machine actively refused it>
query cart_success failed: <urlopen error [WinError 10061] No connection could be made because the target machine actively refused it>
query checkout_rate failed: <urlopen error [WinError 10061] No connection could be made because the target machine actively refused it>
query checkout_p95 failed: <urlopen error [WinError 10061] No connection could be made because the target machine actively refused it>
query browse_p95 failed: <urlopen error [WinError 10061] No connection could be made because the target machine actively refused it>
query orders_confirmed failed: <urlopen error [WinError 10061] No connection could be made because the target machine actively refused it>
query payment_txns failed: <urlopen error [WinError 10061] No connection could be made because the target machine actively refused it>
2026-07-30T21:05:32Z     n/a      n/a      n/a      n/a      n/a        n/a   
query checkout_success failed: <urlopen error [WinError 10061] No connection could be made because the target machine actively refused it>
query browse_success failed: <urlopen error [WinError 10061] No connection could be made because the target machine actively refused it>
query cart_success failed: <urlopen error [WinError 10061] No connection could be made because the target machine actively refused it>
query checkout_rate failed: <urlopen error [WinError 10061] No connection could be made because the target machine actively refused it>
query checkout_p95 failed: <urlopen error [WinError 10061] No connection could be made because the target machine actively refused it>
query browse_p95 failed: <urlopen error [WinError 10061] No connection could be made because the target machine actively refused it>
query orders_confirmed failed: <urlopen error [WinError 10061] No connection could be made because the target machine actively refused it>
query payment_txns failed: <urlopen error [WinError 10061] No connection could be made because the target machine actively refused it>
2026-07-30T21:06:09Z     n/a      n/a      n/a      n/a      n/a        n/a   
query checkout_success failed: <urlopen error [WinError 10061] No connection could be made because the target machine actively refused it>
query browse_success failed: <urlopen error [WinError 10061] No connection could be made because the target machine actively refused it>
query cart_success failed: <urlopen error [WinError 10061] No connection could be made because the target machine actively refused it>
query checkout_rate failed: <urlopen error [WinError 10061] No connection could be made because the target machine actively refused it>
query checkout_p95 failed: <urlopen error [WinError 10061] No connection could be made because the target machine actively refused it>
query browse_p95 failed: <urlopen error [WinError 10061] No connection could be made because the target machine actively refused it>
query orders_confirmed failed: <urlopen error [WinError 10061] No connection could be made because the target machine actively refused it>
query payment_txns failed: <urlopen error [WinError 10061] No connection could be made because the target machine actively refused it>
2026-07-30T21:06:47Z     n/a      n/a      n/a      n/a      n/a        n/a   
query checkout_success failed: <urlopen error [WinError 10061] No connection could be made because the target machine actively refused it>
query browse_success failed: <urlopen error [WinError 10061] No connection could be made because the target machine actively refused it>
query cart_success failed: <urlopen error [WinError 10061] No connection could be made because the target machine actively refused it>
query checkout_rate failed: <urlopen error [WinError 10061] No connection could be made because the target machine actively refused it>
query checkout_p95 failed: <urlopen error [WinError 10061] No connection could be made because the target machine actively refused it>
query browse_p95 failed: <urlopen error [WinError 10061] No connection could be made because the target machine actively refused it>
query orders_confirmed failed: <urlopen error [WinError 10061] No connection could be made because the target machine actively refused it>
query payment_txns failed: <urlopen error [WinError 10061] No connection could be made because the target machine actively refused it>
2026-07-30T21:07:24Z     n/a      n/a      n/a      n/a      n/a        n/a   
query checkout_success failed: <urlopen error [WinError 10061] No connection could be made because the target machine actively refused it>
query browse_success failed: <urlopen error [WinError 10061] No connection could be made because the target machine actively refused it>
query cart_success failed: <urlopen error [WinError 10061] No connection could be made because the target machine actively refused it>
query checkout_rate failed: <urlopen error [WinError 10061] No connection could be made because the target machine actively refused it>
query checkout_p95 failed: <urlopen error [WinError 10061] No connection could be made because the target machine actively refused it>
query browse_p95 failed: <urlopen error [WinError 10061] No connection could be made because the target machine actively refused it>
query orders_confirmed failed: <urlopen error [WinError 10061] No connection could be made because the target machine actively refused it>
query payment_txns failed: <urlopen error [WinError 10061] No connection could be made because the target machine actively refused it>
2026-07-30T21:08:02Z     n/a      n/a      n/a      n/a      n/a        n/a   
query checkout_success failed: <urlopen error [WinError 10061] No connection could be made because the target machine actively refused it>
query browse_success failed: <urlopen error [WinError 10061] No connection could be made because the target machine actively refused it>
query cart_success failed: <urlopen error [WinError 10061] No connection could be made because the target machine actively refused it>
query checkout_rate failed: <urlopen error [WinError 10061] No connection could be made because the target machine actively refused it>
query checkout_p95 failed: <urlopen error [WinError 10061] No connection could be made because the target machine actively refused it>
query browse_p95 failed: <urlopen error [WinError 10061] No connection could be made because the target machine actively refused it>
query orders_confirmed failed: <urlopen error [WinError 10061] No connection could be made because the target machine actively refused it>
query payment_txns failed: <urlopen error [WinError 10061] No connection could be made because the target machine actively refused it>
2026-07-30T21:08:39Z     n/a      n/a      n/a      n/a      n/a        n/a   
query checkout_success failed: <urlopen error [WinError 10061] No connection could be made because the target machine actively refused it>
query browse_success failed: <urlopen error [WinError 10061] No connection could be made because the target machine actively refused it>
query cart_success failed: <urlopen error [WinError 10061] No connection could be made because the target machine actively refused it>
query checkout_rate failed: <urlopen error [WinError 10061] No connection could be made because the target machine actively refused it>
query checkout_p95 failed: <urlopen error [WinError 10061] No connection could be made because the target machine actively refused it>
query browse_p95 failed: <urlopen error [WinError 10061] No connection could be made because the target machine actively refused it>
query orders_confirmed failed: <urlopen error [WinError 10061] No connection could be made because the target machine actively refused it>
query payment_txns failed: <urlopen error [WinError 10061] No connection could be made because the target machine actively refused it>
2026-07-30T21:09:17Z     n/a      n/a      n/a      n/a      n/a        n/a   
query checkout_success failed: <urlopen error [WinError 10061] No connection could be made because the target machine actively refused it>
query browse_success failed: <urlopen error [WinError 10061] No connection could be made because the target machine actively refused it>
query cart_success failed: <urlopen error [WinError 10061] No connection could be made because the target machine actively refused it>
query checkout_rate failed: <urlopen error [WinError 10061] No connection could be made because the target machine actively refused it>
query checkout_p95 failed: <urlopen error [WinError 10061] No connection could be made because the target machine actively refused it>
query browse_p95 failed: <urlopen error [WinError 10061] No connection could be made because the target machine actively refused it>
query orders_confirmed failed: <urlopen error [WinError 10061] No connection could be made because the target machine actively refused it>
query payment_txns failed: <urlopen error [WinError 10061] No connection could be made because the target machine actively refused it>
2026-07-30T21:09:54Z     n/a      n/a      n/a      n/a      n/a        n/a   
query checkout_success failed: <urlopen error [WinError 10061] No connection could be made because the target machine actively refused it>
query browse_success failed: <urlopen error [WinError 10061] No connection could be made because the target machine actively refused it>
query cart_success failed: <urlopen error [WinError 10061] No connection could be made because the target machine actively refused it>
query checkout_rate failed: <urlopen error [WinError 10061] No connection could be made because the target machine actively refused it>
query checkout_p95 failed: <urlopen error [WinError 10061] No connection could be made because the target machine actively refused it>
query browse_p95 failed: <urlopen error [WinError 10061] No connection could be made because the target machine actively refused it>
query orders_confirmed failed: <urlopen error [WinError 10061] No connection could be made because the target machine actively refused it>
query payment_txns failed: <urlopen error [WinError 10061] No connection could be made because the target machine actively refused it>
2026-07-30T21:10:32Z     n/a      n/a      n/a      n/a      n/a        n/a   
query checkout_success failed: <urlopen error [WinError 10061] No connection could be made because the target machine actively refused it>
query browse_success failed: <urlopen error [WinError 10061] No connection could be made because the target machine actively refused it>
query cart_success failed: <urlopen error [WinError 10061] No connection could be made because the target machine actively refused it>
query checkout_rate failed: <urlopen error [WinError 10061] No connection could be made because the target machine actively refused it>
query checkout_p95 failed: <urlopen error [WinError 10061] No connection could be made because the target machine actively refused it>
query browse_p95 failed: <urlopen error [WinError 10061] No connection could be made because the target machine actively refused it>
query orders_confirmed failed: <urlopen error [WinError 10061] No connection could be made because the target machine actively refused it>
query payment_txns failed: <urlopen error [WinError 10061] No connection could be made because the target machine actively refused it>
2026-07-30T21:11:10Z     n/a      n/a      n/a      n/a      n/a        n/a   
query checkout_success failed: <urlopen error [WinError 10061] No connection could be made because the target machine actively refused it>
query browse_success failed: <urlopen error [WinError 10061] No connection could be made because the target machine actively refused it>
query cart_success failed: <urlopen error [WinError 10061] No connection could be made because the target machine actively refused it>
query checkout_rate failed: <urlopen error [WinError 10061] No connection could be made because the target machine actively refused it>
query checkout_p95 failed: <urlopen error [WinError 10061] No connection could be made because the target machine actively refused it>
query browse_p95 failed: <urlopen error [WinError 10061] No connection could be made because the target machine actively refused it>
query orders_confirmed failed: <urlopen error [WinError 10061] No connection could be made because the target machine actively refused it>
query payment_txns failed: <urlopen error [WinError 10061] No connection could be made because the target machine actively refused it>
2026-07-30T21:11:47Z     n/a      n/a      n/a      n/a      n/a        n/a   
query checkout_success failed: <urlopen error [WinError 10061] No connection could be made because the target machine actively refused it>
query browse_success failed: <urlopen error [WinError 10061] No connection could be made because the target machine actively refused it>
query cart_success failed: <urlopen error [WinError 10061] No connection could be made because the target machine actively refused it>
query checkout_rate failed: <urlopen error [WinError 10061] No connection could be made because the target machine actively refused it>
query checkout_p95 failed: <urlopen error [WinError 10061] No connection could be made because the target machine actively refused it>
query browse_p95 failed: <urlopen error [WinError 10061] No connection could be made because the target machine actively refused it>
query orders_confirmed failed: <urlopen error [WinError 10061] No connection could be made because the target machine actively refused it>
query payment_txns failed: <urlopen error [WinError 10061] No connection could be made because the target machine actively refused it>
2026-07-30T21:12:25Z     n/a      n/a      n/a      n/a      n/a        n/a   
query checkout_success failed: <urlopen error [WinError 10061] No connection could be made because the target machine actively refused it>
query browse_success failed: <urlopen error [WinError 10061] No connection could be made because the target machine actively refused it>
query cart_success failed: <urlopen error [WinError 10061] No connection could be made because the target machine actively refused it>
query checkout_rate failed: <urlopen error [WinError 10061] No connection could be made because the target machine actively refused it>
query checkout_p95 failed: <urlopen error [WinError 10061] No connection could be made because the target machine actively refused it>
query browse_p95 failed: <urlopen error [WinError 10061] No connection could be made because the target machine actively refused it>
query orders_confirmed failed: <urlopen error [WinError 10061] No connection could be made because the target machine actively refused it>
query payment_txns failed: <urlopen error [WinError 10061] No connection could be made because the target machine actively refused it>
2026-07-30T21:13:02Z     n/a      n/a      n/a      n/a      n/a        n/a   
query checkout_success failed: <urlopen error [WinError 10061] No connection could be made because the target machine actively refused it>
query browse_success failed: <urlopen error [WinError 10061] No connection could be made because the target machine actively refused it>
query cart_success failed: <urlopen error [WinError 10061] No connection could be made because the target machine actively refused it>
query checkout_rate failed: <urlopen error [WinError 10061] No connection could be made because the target machine actively refused it>
query checkout_p95 failed: <urlopen error [WinError 10061] No connection could be made because the target machine actively refused it>
query browse_p95 failed: <urlopen error [WinError 10061] No connection could be made because the target machine actively refused it>
query orders_confirmed failed: <urlopen error [WinError 10061] No connection could be made because the target machine actively refused it>
query payment_txns failed: <urlopen error [WinError 10061] No connection could be made because the target machine actively refused it>
2026-07-30T21:13:40Z     n/a      n/a      n/a      n/a      n/a        n/a   
query checkout_success failed: <urlopen error [WinError 10061] No connection could be made because the target machine actively refused it>
query browse_success failed: <urlopen error [WinError 10061] No connection could be made because the target machine actively refused it>
query cart_success failed: <urlopen error [WinError 10061] No connection could be made because the target machine actively refused it>
query checkout_rate failed: <urlopen error [WinError 10061] No connection could be made because the target machine actively refused it>
query checkout_p95 failed: <urlopen error [WinError 10061] No connection could be made because the target machine actively refused it>
query browse_p95 failed: <urlopen error [WinError 10061] No connection could be made because the target machine actively refused it>
query orders_confirmed failed: <urlopen error [WinError 10061] No connection could be made because the target machine actively refused it>
query payment_txns failed: <urlopen error [WinError 10061] No connection could be made because the target machine actively refused it>
2026-07-30T21:14:18Z     n/a      n/a      n/a      n/a      n/a        n/a   
query checkout_success failed: <urlopen error [WinError 10061] No connection could be made because the target machine actively refused it>
query browse_success failed: <urlopen error [WinError 10061] No connection could be made because the target machine actively refused it>
query cart_success failed: <urlopen error [WinError 10061] No connection could be made because the target machine actively refused it>
query checkout_rate failed: <urlopen error [WinError 10061] No connection could be made because the target machine actively refused it>
query checkout_p95 failed: <urlopen error [WinError 10061] No connection could be made because the target machine actively refused it>
query browse_p95 failed: <urlopen error [WinError 10061] No connection could be made because the target machine actively refused it>
query orders_confirmed failed: <urlopen error [WinError 10061] No connection could be made because the target machine actively refused it>
query payment_txns failed: <urlopen error [WinError 10061] No connection could be made because the target machine actively refused it>
2026-07-30T21:14:55Z     n/a      n/a      n/a      n/a      n/a        n/a   
query checkout_success failed: <urlopen error [WinError 10061] No connection could be made because the target machine actively refused it>
query browse_success failed: <urlopen error [WinError 10061] No connection could be made because the target machine actively refused it>
query cart_success failed: <urlopen error [WinError 10061] No connection could be made because the target machine actively refused it>
query checkout_rate failed: <urlopen error [WinError 10061] No connection could be made because the target machine actively refused it>
query checkout_p95 failed: <urlopen error [WinError 10061] No connection could be made because the target machine actively refused it>
query browse_p95 failed: <urlopen error [WinError 10061] No connection could be made because the target machine actively refused it>
query orders_confirmed failed: <urlopen error [WinError 10061] No connection could be made because the target machine actively refused it>
query payment_txns failed: <urlopen error [WinError 10061] No connection could be made because the target machine actively refused it>
2026-07-30T21:15:33Z     n/a      n/a      n/a      n/a      n/a        n/a   
query checkout_success failed: <urlopen error [WinError 10061] No connection could be made because the target machine actively refused it>
query browse_success failed: <urlopen error [WinError 10061] No connection could be made because the target machine actively refused it>
query cart_success failed: <urlopen error [WinError 10061] No connection could be made because the target machine actively refused it>
query checkout_rate failed: <urlopen error [WinError 10061] No connection could be made because the target machine actively refused it>
query checkout_p95 failed: <urlopen error [WinError 10061] No connection could be made because the target machine actively refused it>
query browse_p95 failed: <urlopen error [WinError 10061] No connection could be made because the target machine actively refused it>
query orders_confirmed failed: <urlopen error [WinError 10061] No connection could be made because the target machine actively refused it>
query payment_txns failed: <urlopen error [WinError 10061] No connection could be made because the target machine actively refused it>
2026-07-30T21:16:11Z     n/a      n/a      n/a      n/a      n/a        n/a   
query checkout_success failed: <urlopen error [WinError 10061] No connection could be made because the target machine actively refused it>
query browse_success failed: <urlopen error [WinError 10061] No connection could be made because the target machine actively refused it>
query cart_success failed: <urlopen error [WinError 10061] No connection could be made because the target machine actively refused it>
query checkout_rate failed: <urlopen error [WinError 10061] No connection could be made because the target machine actively refused it>
query checkout_p95 failed: <urlopen error [WinError 10061] No connection could be made because the target machine actively refused it>
query browse_p95 failed: <urlopen error [WinError 10061] No connection could be made because the target machine actively refused it>
query orders_confirmed failed: <urlopen error [WinError 10061] No connection could be made because the target machine actively refused it>
query payment_txns failed: <urlopen error [WinError 10061] No connection could be made because the target machine actively refused it>
2026-07-30T21:16:48Z     n/a      n/a      n/a      n/a      n/a        n/a   
query checkout_success failed: <urlopen error [WinError 10061] No connection could be made because the target machine actively refused it>
query browse_success failed: <urlopen error [WinError 10061] No connection could be made because the target machine actively refused it>
query cart_success failed: <urlopen error [WinError 10061] No connection could be made because the target machine actively refused it>
query checkout_rate failed: <urlopen error [WinError 10061] No connection could be made because the target machine actively refused it>
query checkout_p95 failed: <urlopen error [WinError 10061] No connection could be made because the target machine actively refused it>
query browse_p95 failed: <urlopen error [WinError 10061] No connection could be made because the target machine actively refused it>
query orders_confirmed failed: <urlopen error [WinError 10061] No connection could be made because the target machine actively refused it>
query payment_txns failed: <urlopen error [WinError 10061] No connection could be made because the target machine actively refused it>
2026-07-30T21:17:26Z     n/a      n/a      n/a      n/a      n/a        n/a   
query checkout_success failed: <urlopen error [WinError 10061] No connection could be made because the target machine actively refused it>
query browse_success failed: <urlopen error [WinError 10061] No connection could be made because the target machine actively refused it>
query cart_success failed: <urlopen error [WinError 10061] No connection could be made because the target machine actively refused it>
query checkout_rate failed: <urlopen error [WinError 10061] No connection could be made because the target machine actively refused it>
query checkout_p95 failed: <urlopen error [WinError 10061] No connection could be made because the target machine actively refused it>
query browse_p95 failed: <urlopen error [WinError 10061] No connection could be made because the target machine actively refused it>
query orders_confirmed failed: <urlopen error [WinError 10061] No connection could be made because the target machine actively refused it>
query payment_txns failed: <urlopen error [WinError 10061] No connection could be made because the target machine actively refused it>
2026-07-30T21:18:03Z     n/a      n/a      n/a      n/a      n/a        n/a   
query checkout_success failed: <urlopen error [WinError 10061] No connection could be made because the target machine actively refused it>
query browse_success failed: <urlopen error [WinError 10061] No connection could be made because the target machine actively refused it>
query cart_success failed: <urlopen error [WinError 10061] No connection could be made because the target machine actively refused it>
query checkout_rate failed: <urlopen error [WinError 10061] No connection could be made because the target machine actively refused it>
query checkout_p95 failed: <urlopen error [WinError 10061] No connection could be made because the target machine actively refused it>
query browse_p95 failed: <urlopen error [WinError 10061] No connection could be made because the target machine actively refused it>
query orders_confirmed failed: <urlopen error [WinError 10061] No connection could be made because the target machine actively refused it>
query payment_txns failed: <urlopen error [WinError 10061] No connection could be made because the target machine actively refused it>
2026-07-30T21:18:41Z     n/a      n/a      n/a      n/a      n/a        n/a   
query checkout_success failed: <urlopen error [WinError 10061] No connection could be made because the target machine actively refused it>
query browse_success failed: <urlopen error [WinError 10061] No connection could be made because the target machine actively refused it>
query cart_success failed: <urlopen error [WinError 10061] No connection could be made because the target machine actively refused it>
query checkout_rate failed: <urlopen error [WinError 10061] No connection could be made because the target machine actively refused it>
query checkout_p95 failed: <urlopen error [WinError 10061] No connection could be made because the target machine actively refused it>
query browse_p95 failed: <urlopen error [WinError 10061] No connection could be made because the target machine actively refused it>
query orders_confirmed failed: <urlopen error [WinError 10061] No connection could be made because the target machine actively refused it>
query payment_txns failed: <urlopen error [WinError 10061] No connection could be made because the target machine actively refused it>
2026-07-30T21:19:18Z     n/a      n/a      n/a      n/a      n/a        n/a   
query checkout_success failed: <urlopen error [WinError 10061] No connection could be made because the target machine actively refused it>
query browse_success failed: <urlopen error [WinError 10061] No connection could be made because the target machine actively refused it>
query cart_success failed: <urlopen error [WinError 10061] No connection could be made because the target machine actively refused it>
query checkout_rate failed: <urlopen error [WinError 10061] No connection could be made because the target machine actively refused it>
query checkout_p95 failed: <urlopen error [WinError 10061] No connection could be made because the target machine actively refused it>
query browse_p95 failed: <urlopen error [WinError 10061] No connection could be made because the target machine actively refused it>
query orders_confirmed failed: <urlopen error [WinError 10061] No connection could be made because the target machine actively refused it>
query payment_txns failed: <urlopen error [WinError 10061] No connection could be made because the target machine actively refused it>
2026-07-30T21:19:56Z     n/a      n/a      n/a      n/a      n/a        n/a   
query checkout_success failed: <urlopen error [WinError 10061] No connection could be made because the target machine actively refused it>
query browse_success failed: <urlopen error [WinError 10061] No connection could be made because the target machine actively refused it>
query cart_success failed: <urlopen error [WinError 10061] No connection could be made because the target machine actively refused it>
query checkout_rate failed: <urlopen error [WinError 10061] No connection could be made because the target machine actively refused it>
query checkout_p95 failed: <urlopen error [WinError 10061] No connection could be made because the target machine actively refused it>
query browse_p95 failed: <urlopen error [WinError 10061] No connection could be made because the target machine actively refused it>
query orders_confirmed failed: <urlopen error [WinError 10061] No connection could be made because the target machine actively refused it>
query payment_txns failed: <urlopen error [WinError 10061] No connection could be made because the target machine actively refused it>
2026-07-30T21:20:33Z     n/a      n/a      n/a      n/a      n/a        n/a   
query checkout_success failed: <urlopen error [WinError 10061] No connection could be made because the target machine actively refused it>
query browse_success failed: <urlopen error [WinError 10061] No connection could be made because the target machine actively refused it>
query cart_success failed: <urlopen error [WinError 10061] No connection could be made because the target machine actively refused it>
query checkout_rate failed: <urlopen error [WinError 10061] No connection could be made because the target machine actively refused it>
query checkout_p95 failed: <urlopen error [WinError 10061] No connection could be made because the target machine actively refused it>
query browse_p95 failed: <urlopen error [WinError 10061] No connection could be made because the target machine actively refused it>
query orders_confirmed failed: <urlopen error [WinError 10061] No connection could be made because the target machine actively refused it>
query payment_txns failed: <urlopen error [WinError 10061] No connection could be made because the target machine actively refused it>
2026-07-30T21:21:11Z     n/a      n/a      n/a      n/a      n/a        n/a   
query checkout_success failed: <urlopen error [WinError 10061] No connection could be made because the target machine actively refused it>
query browse_success failed: <urlopen error [WinError 10061] No connection could be made because the target machine actively refused it>
query cart_success failed: <urlopen error [WinError 10061] No connection could be made because the target machine actively refused it>
query checkout_rate failed: <urlopen error [WinError 10061] No connection could be made because the target machine actively refused it>
query checkout_p95 failed: <urlopen error [WinError 10061] No connection could be made because the target machine actively refused it>
query browse_p95 failed: <urlopen error [WinError 10061] No connection could be made because the target machine actively refused it>
query orders_confirmed failed: <urlopen error [WinError 10061] No connection could be made because the target machine actively refused it>
query payment_txns failed: <urlopen error [WinError 10061] No connection could be made because the target machine actively refused it>
2026-07-30T21:21:48Z     n/a      n/a      n/a      n/a      n/a        n/a   
query checkout_success failed: <urlopen error [WinError 10061] No connection could be made because the target machine actively refused it>
query browse_success failed: <urlopen error [WinError 10061] No connection could be made because the target machine actively refused it>
query cart_success failed: <urlopen error [WinError 10061] No connection could be made because the target machine actively refused it>
query checkout_rate failed: <urlopen error [WinError 10061] No connection could be made because the target machine actively refused it>
query checkout_p95 failed: <urlopen error [WinError 10061] No connection could be made because the target machine actively refused it>
query browse_p95 failed: <urlopen error [WinError 10061] No connection could be made because the target machine actively refused it>
query orders_confirmed failed: <urlopen error [WinError 10061] No connection could be made because the target machine actively refused it>
query payment_txns failed: <urlopen error [WinError 10061] No connection could be made because the target machine actively refused it>
2026-07-30T21:22:26Z     n/a      n/a      n/a      n/a      n/a        n/a   
query checkout_success failed: <urlopen error [WinError 10061] No connection could be made because the target machine actively refused it>
query browse_success failed: <urlopen error [WinError 10061] No connection could be made because the target machine actively refused it>
query cart_success failed: <urlopen error [WinError 10061] No connection could be made because the target machine actively refused it>
query checkout_rate failed: <urlopen error [WinError 10061] No connection could be made because the target machine actively refused it>
query checkout_p95 failed: <urlopen error [WinError 10061] No connection could be made because the target machine actively refused it>
query browse_p95 failed: <urlopen error [WinError 10061] No connection could be made because the target machine actively refused it>
query orders_confirmed failed: <urlopen error [WinError 10061] No connection could be made because the target machine actively refused it>
query payment_txns failed: <urlopen error [WinError 10061] No connection could be made because the target machine actively refused it>
2026-07-30T21:23:03Z     n/a      n/a      n/a      n/a      n/a        n/a   
query checkout_success failed: <urlopen error [WinError 10061] No connection could be made because the target machine actively refused it>
query browse_success failed: <urlopen error [WinError 10061] No connection could be made because the target machine actively refused it>
query cart_success failed: <urlopen error [WinError 10061] No connection could be made because the target machine actively refused it>
query checkout_rate failed: <urlopen error [WinError 10061] No connection could be made because the target machine actively refused it>
query checkout_p95 failed: <urlopen error [WinError 10061] No connection could be made because the target machine actively refused it>
query browse_p95 failed: <urlopen error [WinError 10061] No connection could be made because the target machine actively refused it>
query orders_confirmed failed: <urlopen error [WinError 10061] No connection could be made because the target machine actively refused it>
query payment_txns failed: <urlopen error [WinError 10061] No connection could be made because the target machine actively refused it>
2026-07-30T21:23:41Z     n/a      n/a      n/a      n/a      n/a        n/a   
query checkout_success failed: <urlopen error [WinError 10061] No connection could be made because the target machine actively refused it>
query browse_success failed: <urlopen error [WinError 10061] No connection could be made because the target machine actively refused it>
query cart_success failed: <urlopen error [WinError 10061] No connection could be made because the target machine actively refused it>
query checkout_rate failed: <urlopen error [WinError 10061] No connection could be made because the target machine actively refused it>
query checkout_p95 failed: <urlopen error [WinError 10061] No connection could be made because the target machine actively refused it>
query browse_p95 failed: <urlopen error [WinError 10061] No connection could be made because the target machine actively refused it>
query orders_confirmed failed: <urlopen error [WinError 10061] No connection could be made because the target machine actively refused it>
query payment_txns failed: <urlopen error [WinError 10061] No connection could be made because the target machine actively refused it>
2026-07-30T21:24:18Z     n/a      n/a      n/a      n/a      n/a        n/a   
query checkout_success failed: <urlopen error [WinError 10061] No connection could be made because the target machine actively refused it>
query browse_success failed: <urlopen error [WinError 10061] No connection could be made because the target machine actively refused it>
query cart_success failed: <urlopen error [WinError 10061] No connection could be made because the target machine actively refused it>
query checkout_rate failed: <urlopen error [WinError 10061] No connection could be made because the target machine actively refused it>
query checkout_p95 failed: <urlopen error [WinError 10061] No connection could be made because the target machine actively refused it>
query browse_p95 failed: <urlopen error [WinError 10061] No connection could be made because the target machine actively refused it>
query orders_confirmed failed: <urlopen error [WinError 10061] No connection could be made because the target machine actively refused it>
query payment_txns failed: <urlopen error [WinError 10061] No connection could be made because the target machine actively refused it>
2026-07-30T21:24:56Z     n/a      n/a      n/a      n/a      n/a        n/a   
query checkout_success failed: <urlopen error [WinError 10061] No connection could be made because the target machine actively refused it>
query browse_success failed: <urlopen error [WinError 10061] No connection could be made because the target machine actively refused it>
query cart_success failed: <urlopen error [WinError 10061] No connection could be made because the target machine actively refused it>
query checkout_rate failed: <urlopen error [WinError 10061] No connection could be made because the target machine actively refused it>
query checkout_p95 failed: <urlopen error [WinError 10061] No connection could be made because the target machine actively refused it>
query browse_p95 failed: <urlopen error [WinError 10061] No connection could be made because the target machine actively refused it>
query orders_confirmed failed: <urlopen error [WinError 10061] No connection could be made because the target machine actively refused it>
query payment_txns failed: <urlopen error [WinError 10061] No connection could be made because the target machine actively refused it>
2026-07-30T21:25:33Z     n/a      n/a      n/a      n/a      n/a        n/a   
query checkout_success failed: <urlopen error [WinError 10061] No connection could be made because the target machine actively refused it>
query browse_success failed: <urlopen error [WinError 10061] No connection could be made because the target machine actively refused it>
query cart_success failed: <urlopen error [WinError 10061] No connection could be made because the target machine actively refused it>
query checkout_rate failed: <urlopen error [WinError 10061] No connection could be made because the target machine actively refused it>
query checkout_p95 failed: <urlopen error [WinError 10061] No connection could be made because the target machine actively refused it>
query browse_p95 failed: <urlopen error [WinError 10061] No connection could be made because the target machine actively refused it>
query orders_confirmed failed: <urlopen error [WinError 10061] No connection could be made because the target machine actively refused it>
query payment_txns failed: <urlopen error [WinError 10061] No connection could be made because the target machine actively refused it>
2026-07-30T21:26:11Z     n/a      n/a      n/a      n/a      n/a        n/a   
query checkout_success failed: <urlopen error [WinError 10061] No connection could be made because the target machine actively refused it>
query browse_success failed: <urlopen error [WinError 10061] No connection could be made because the target machine actively refused it>
query cart_success failed: <urlopen error [WinError 10061] No connection could be made because the target machine actively refused it>
query checkout_rate failed: <urlopen error [WinError 10061] No connection could be made because the target machine actively refused it>
query checkout_p95 failed: <urlopen error [WinError 10061] No connection could be made because the target machine actively refused it>
query browse_p95 failed: <urlopen error [WinError 10061] No connection could be made because the target machine actively refused it>
query orders_confirmed failed: <urlopen error [WinError 10061] No connection could be made because the target machine actively refused it>
query payment_txns failed: <urlopen error [WinError 10061] No connection could be made because the target machine actively refused it>
2026-07-31T01:53:18Z     n/a      n/a      n/a      n/a      n/a        n/a   
query checkout_success failed: <urlopen error [WinError 10061] No connection could be made because the target machine actively refused it>
query browse_success failed: <urlopen error [WinError 10061] No connection could be made because the target machine actively refused it>
query cart_success failed: <urlopen error [WinError 10061] No connection could be made because the target machine actively refused it>
query checkout_rate failed: <urlopen error [WinError 10061] No connection could be made because the target machine actively refused it>
query checkout_p95 failed: <urlopen error [WinError 10061] No connection could be made because the target machine actively refused it>
query browse_p95 failed: <urlopen error [WinError 10061] No connection could be made because the target machine actively refused it>
query orders_confirmed failed: <urlopen error [WinError 10061] No connection could be made because the target machine actively refused it>
query payment_txns failed: <urlopen error [WinError 10061] No connection could be made because the target machine actively refused it>
2026-07-31T01:53:55Z     n/a      n/a      n/a      n/a      n/a        n/a   
query checkout_success failed: <urlopen error [WinError 10061] No connection could be made because the target machine actively refused it>
query browse_success failed: <urlopen error [WinError 10061] No connection could be made because the target machine actively refused it>
query cart_success failed: <urlopen error [WinError 10061] No connection could be made because the target machine actively refused it>
query checkout_rate failed: <urlopen error [WinError 10061] No connection could be made because the target machine actively refused it>
query checkout_p95 failed: <urlopen error [WinError 10061] No connection could be made because the target machine actively refused it>
query browse_p95 failed: <urlopen error [WinError 10061] No connection could be made because the target machine actively refused it>
query orders_confirmed failed: <urlopen error [WinError 10061] No connection could be made because the target machine actively refused it>
query payment_txns failed: <urlopen error [WinError 10061] No connection could be made because the target machine actively refused it>
2026-07-31T01:54:33Z     n/a      n/a      n/a      n/a      n/a        n/a   
query checkout_success failed: <urlopen error [WinError 10061] No connection could be made because the target machine actively refused it>
query browse_success failed: <urlopen error [WinError 10061] No connection could be made because the target machine actively refused it>
query cart_success failed: <urlopen error [WinError 10061] No connection could be made because the target machine actively refused it>
query checkout_rate failed: <urlopen error [WinError 10061] No connection could be made because the target machine actively refused it>
query checkout_p95 failed: <urlopen error [WinError 10061] No connection could be made because the target machine actively refused it>
query browse_p95 failed: <urlopen error [WinError 10061] No connection could be made because the target machine actively refused it>
query orders_confirmed failed: <urlopen error [WinError 10061] No connection could be made because the target machine actively refused it>
query payment_txns failed: <urlopen error [WinError 10061] No connection could be made because the target machine actively refused it>
2026-07-31T01:55:11Z     n/a      n/a      n/a      n/a      n/a        n/a   
query checkout_success failed: <urlopen error [WinError 10061] No connection could be made because the target machine actively refused it>
query browse_success failed: <urlopen error [WinError 10061] No connection could be made because the target machine actively refused it>
query cart_success failed: <urlopen error [WinError 10061] No connection could be made because the target machine actively refused it>
query checkout_rate failed: <urlopen error [WinError 10061] No connection could be made because the target machine actively refused it>
query checkout_p95 failed: <urlopen error [WinError 10061] No connection could be made because the target machine actively refused it>
query browse_p95 failed: <urlopen error [WinError 10061] No connection could be made because the target machine actively refused it>
query orders_confirmed failed: <urlopen error [WinError 10061] No connection could be made because the target machine actively refused it>
query payment_txns failed: <urlopen error [WinError 10061] No connection could be made because the target machine actively refused it>
2026-07-31T01:55:48Z     n/a      n/a      n/a      n/a      n/a        n/a   
query checkout_success failed: <urlopen error [WinError 10061] No connection could be made because the target machine actively refused it>
query browse_success failed: <urlopen error [WinError 10061] No connection could be made because the target machine actively refused it>
query cart_success failed: <urlopen error [WinError 10061] No connection could be made because the target machine actively refused it>
query checkout_rate failed: <urlopen error [WinError 10061] No connection could be made because the target machine actively refused it>
query checkout_p95 failed: <urlopen error [WinError 10061] No connection could be made because the target machine actively refused it>
query browse_p95 failed: <urlopen error [WinError 10061] No connection could be made because the target machine actively refused it>
query orders_confirmed failed: <urlopen error [WinError 10061] No connection could be made because the target machine actively refused it>
query payment_txns failed: <urlopen error [WinError 10061] No connection could be made because the target machine actively refused it>
2026-07-31T01:56:26Z     n/a      n/a      n/a      n/a      n/a        n/a   
query checkout_success failed: <urlopen error [WinError 10061] No connection could be made because the target machine actively refused it>
query browse_success failed: <urlopen error [WinError 10061] No connection could be made because the target machine actively refused it>
query cart_success failed: <urlopen error [WinError 10061] No connection could be made because the target machine actively refused it>
query checkout_rate failed: <urlopen error [WinError 10061] No connection could be made because the target machine actively refused it>
query checkout_p95 failed: <urlopen error [WinError 10061] No connection could be made because the target machine actively refused it>
query browse_p95 failed: <urlopen error [WinError 10061] No connection could be made because the target machine actively refused it>
query orders_confirmed failed: <urlopen error [WinError 10061] No connection could be made because the target machine actively refused it>
query payment_txns failed: <urlopen error [WinError 10061] No connection could be made because the target machine actively refused it>
2026-07-31T01:57:03Z     n/a      n/a      n/a      n/a      n/a        n/a   
query checkout_success failed: <urlopen error [WinError 10061] No connection could be made because the target machine actively refused it>
query browse_success failed: <urlopen error [WinError 10061] No connection could be made because the target machine actively refused it>
query cart_success failed: <urlopen error [WinError 10061] No connection could be made because the target machine actively refused it>
query checkout_rate failed: <urlopen error [WinError 10061] No connection could be made because the target machine actively refused it>
query checkout_p95 failed: <urlopen error [WinError 10061] No connection could be made because the target machine actively refused it>
query browse_p95 failed: <urlopen error [WinError 10061] No connection could be made because the target machine actively refused it>
query orders_confirmed failed: <urlopen error [WinError 10061] No connection could be made because the target machine actively refused it>
query payment_txns failed: <urlopen error [WinError 10061] No connection could be made because the target machine actively refused it>
2026-07-31T01:57:41Z     n/a      n/a      n/a      n/a      n/a        n/a   
query checkout_success failed: <urlopen error [WinError 10061] No connection could be made because the target machine actively refused it>
query browse_success failed: <urlopen error [WinError 10061] No connection could be made because the target machine actively refused it>
query cart_success failed: <urlopen error [WinError 10061] No connection could be made because the target machine actively refused it>
query checkout_rate failed: <urlopen error [WinError 10061] No connection could be made because the target machine actively refused it>
query checkout_p95 failed: <urlopen error [WinError 10061] No connection could be made because the target machine actively refused it>
query browse_p95 failed: <urlopen error [WinError 10061] No connection could be made because the target machine actively refused it>
query orders_confirmed failed: <urlopen error [WinError 10061] No connection could be made because the target machine actively refused it>
query payment_txns failed: <urlopen error [WinError 10061] No connection could be made because the target machine actively refused it>
2026-07-31T01:58:19Z     n/a      n/a      n/a      n/a      n/a        n/a   
query checkout_success failed: <urlopen error [WinError 10061] No connection could be made because the target machine actively refused it>
query browse_success failed: <urlopen error [WinError 10061] No connection could be made because the target machine actively refused it>
query cart_success failed: <urlopen error [WinError 10061] No connection could be made because the target machine actively refused it>
query checkout_rate failed: <urlopen error [WinError 10061] No connection could be made because the target machine actively refused it>
query checkout_p95 failed: <urlopen error [WinError 10061] No connection could be made because the target machine actively refused it>
query browse_p95 failed: <urlopen error [WinError 10061] No connection could be made because the target machine actively refused it>
query orders_confirmed failed: <urlopen error [WinError 10061] No connection could be made because the target machine actively refused it>
query payment_txns failed: <urlopen error [WinError 10061] No connection could be made because the target machine actively refused it>
2026-07-31T01:58:57Z     n/a      n/a      n/a      n/a      n/a        n/a   
query checkout_success failed: <urlopen error [WinError 10061] No connection could be made because the target machine actively refused it>
query browse_success failed: <urlopen error [WinError 10061] No connection could be made because the target machine actively refused it>
query cart_success failed: <urlopen error [WinError 10061] No connection could be made because the target machine actively refused it>
query checkout_rate failed: <urlopen error [WinError 10061] No connection could be made because the target machine actively refused it>
query checkout_p95 failed: <urlopen error [WinError 10061] No connection could be made because the target machine actively refused it>
query browse_p95 failed: <urlopen error [WinError 10061] No connection could be made because the target machine actively refused it>
query orders_confirmed failed: <urlopen error [WinError 10061] No connection could be made because the target machine actively refused it>
query payment_txns failed: <urlopen error [WinError 10061] No connection could be made because the target machine actively refused it>
2026-07-31T01:59:34Z     n/a      n/a      n/a      n/a      n/a        n/a   
query checkout_success failed: <urlopen error [WinError 10061] No connection could be made because the target machine actively refused it>
query browse_success failed: <urlopen error [WinError 10061] No connection could be made because the target machine actively refused it>
query cart_success failed: <urlopen error [WinError 10061] No connection could be made because the target machine actively refused it>
query checkout_rate failed: <urlopen error [WinError 10061] No connection could be made because the target machine actively refused it>
query checkout_p95 failed: <urlopen error [WinError 10061] No connection could be made because the target machine actively refused it>
query browse_p95 failed: <urlopen error [WinError 10061] No connection could be made because the target machine actively refused it>
query orders_confirmed failed: <urlopen error [WinError 10061] No connection could be made because the target machine actively refused it>
query payment_txns failed: <urlopen error [WinError 10061] No connection could be made because the target machine actively refused it>
2026-07-31T02:00:12Z     n/a      n/a      n/a      n/a      n/a        n/a   
query checkout_success failed: <urlopen error [WinError 10061] No connection could be made because the target machine actively refused it>
query browse_success failed: <urlopen error [WinError 10061] No connection could be made because the target machine actively refused it>
query cart_success failed: <urlopen error [WinError 10061] No connection could be made because the target machine actively refused it>
query checkout_rate failed: <urlopen error [WinError 10061] No connection could be made because the target machine actively refused it>
query checkout_p95 failed: <urlopen error [WinError 10061] No connection could be made because the target machine actively refused it>
query browse_p95 failed: <urlopen error [WinError 10061] No connection could be made because the target machine actively refused it>
query orders_confirmed failed: <urlopen error [WinError 10061] No connection could be made because the target machine actively refused it>
query payment_txns failed: <urlopen error [WinError 10061] No connection could be made because the target machine actively refused it>
2026-07-31T02:00:49Z     n/a      n/a      n/a      n/a      n/a        n/a   
query checkout_success failed: <urlopen error [WinError 10061] No connection could be made because the target machine actively refused it>
query browse_success failed: <urlopen error [WinError 10061] No connection could be made because the target machine actively refused it>
query cart_success failed: <urlopen error [WinError 10061] No connection could be made because the target machine actively refused it>
query checkout_rate failed: <urlopen error [WinError 10061] No connection could be made because the target machine actively refused it>
query checkout_p95 failed: <urlopen error [WinError 10061] No connection could be made because the target machine actively refused it>
query browse_p95 failed: <urlopen error [WinError 10061] No connection could be made because the target machine actively refused it>
query orders_confirmed failed: <urlopen error [WinError 10061] No connection could be made because the target machine actively refused it>
query payment_txns failed: <urlopen error [WinError 10061] No connection could be made because the target machine actively refused it>
2026-07-31T02:01:27Z     n/a      n/a      n/a      n/a      n/a        n/a   
query checkout_success failed: <urlopen error [WinError 10061] No connection could be made because the target machine actively refused it>
query browse_success failed: <urlopen error [WinError 10061] No connection could be made because the target machine actively refused it>
query cart_success failed: <urlopen error [WinError 10061] No connection could be made because the target machine actively refused it>
query checkout_rate failed: <urlopen error [WinError 10061] No connection could be made because the target machine actively refused it>
query checkout_p95 failed: <urlopen error [WinError 10061] No connection could be made because the target machine actively refused it>
query browse_p95 failed: <urlopen error [WinError 10061] No connection could be made because the target machine actively refused it>
query orders_confirmed failed: <urlopen error [WinError 10061] No connection could be made because the target machine actively refused it>
query payment_txns failed: <urlopen error [WinError 10061] No connection could be made because the target machine actively refused it>
2026-07-31T02:02:05Z     n/a      n/a      n/a      n/a      n/a        n/a   
query checkout_success failed: <urlopen error [WinError 10061] No connection could be made because the target machine actively refused it>
query browse_success failed: <urlopen error [WinError 10061] No connection could be made because the target machine actively refused it>
query cart_success failed: <urlopen error [WinError 10061] No connection could be made because the target machine actively refused it>
query checkout_rate failed: <urlopen error [WinError 10061] No connection could be made because the target machine actively refused it>
query checkout_p95 failed: <urlopen error [WinError 10061] No connection could be made because the target machine actively refused it>
query browse_p95 failed: <urlopen error [WinError 10061] No connection could be made because the target machine actively refused it>
query orders_confirmed failed: <urlopen error [WinError 10061] No connection could be made because the target machine actively refused it>
query payment_txns failed: <urlopen error [WinError 10061] No connection could be made because the target machine actively refused it>
2026-07-31T02:02:42Z     n/a      n/a      n/a      n/a      n/a        n/a   
query checkout_success failed: <urlopen error [WinError 10061] No connection could be made because the target machine actively refused it>
query browse_success failed: <urlopen error [WinError 10061] No connection could be made because the target machine actively refused it>
query cart_success failed: <urlopen error [WinError 10061] No connection could be made because the target machine actively refused it>
query checkout_rate failed: <urlopen error [WinError 10061] No connection could be made because the target machine actively refused it>
query checkout_p95 failed: <urlopen error [WinError 10061] No connection could be made because the target machine actively refused it>
query browse_p95 failed: <urlopen error [WinError 10061] No connection could be made because the target machine actively refused it>
query orders_confirmed failed: <urlopen error [WinError 10061] No connection could be made because the target machine actively refused it>
query payment_txns failed: <urlopen error [WinError 10061] No connection could be made because the target machine actively refused it>
2026-07-31T02:03:20Z     n/a      n/a      n/a      n/a      n/a        n/a   
query checkout_success failed: <urlopen error [WinError 10061] No connection could be made because the target machine actively refused it>
query browse_success failed: <urlopen error [WinError 10061] No connection could be made because the target machine actively refused it>
query cart_success failed: <urlopen error [WinError 10061] No connection could be made because the target machine actively refused it>
query checkout_rate failed: <urlopen error [WinError 10061] No connection could be made because the target machine actively refused it>
query checkout_p95 failed: <urlopen error [WinError 10061] No connection could be made because the target machine actively refused it>
query browse_p95 failed: <urlopen error [WinError 10061] No connection could be made because the target machine actively refused it>
query orders_confirmed failed: <urlopen error [WinError 10061] No connection could be made because the target machine actively refused it>
query payment_txns failed: <urlopen error [WinError 10061] No connection could be made because the target machine actively refused it>
2026-07-31T02:03:58Z     n/a      n/a      n/a      n/a      n/a        n/a   
query checkout_success failed: <urlopen error [WinError 10061] No connection could be made because the target machine actively refused it>
query browse_success failed: <urlopen error [WinError 10061] No connection could be made because the target machine actively refused it>
query cart_success failed: <urlopen error [WinError 10061] No connection could be made because the target machine actively refused it>
query checkout_rate failed: <urlopen error [WinError 10061] No connection could be made because the target machine actively refused it>
query checkout_p95 failed: <urlopen error [WinError 10061] No connection could be made because the target machine actively refused it>
query browse_p95 failed: <urlopen error [WinError 10061] No connection could be made because the target machine actively refused it>
query orders_confirmed failed: <urlopen error [WinError 10061] No connection could be made because the target machine actively refused it>
query payment_txns failed: <urlopen error [WinError 10061] No connection could be made because the target machine actively refused it>
2026-07-31T02:04:36Z     n/a      n/a      n/a      n/a      n/a        n/a   
query checkout_success failed: <urlopen error [WinError 10061] No connection could be made because the target machine actively refused it>
query browse_success failed: <urlopen error [WinError 10061] No connection could be made because the target machine actively refused it>
query cart_success failed: <urlopen error [WinError 10061] No connection could be made because the target machine actively refused it>
query checkout_rate failed: <urlopen error [WinError 10061] No connection could be made because the target machine actively refused it>
query checkout_p95 failed: <urlopen error [WinError 10061] No connection could be made because the target machine actively refused it>
query browse_p95 failed: <urlopen error [WinError 10061] No connection could be made because the target machine actively refused it>
query orders_confirmed failed: <urlopen error [WinError 10061] No connection could be made because the target machine actively refused it>
query payment_txns failed: <urlopen error [WinError 10061] No connection could be made because the target machine actively refused it>
2026-07-31T02:05:13Z     n/a      n/a      n/a      n/a      n/a        n/a   
query checkout_success failed: <urlopen error [WinError 10061] No connection could be made because the target machine actively refused it>
query browse_success failed: <urlopen error [WinError 10061] No connection could be made because the target machine actively refused it>
query cart_success failed: <urlopen error [WinError 10061] No connection could be made because the target machine actively refused it>
query checkout_rate failed: <urlopen error [WinError 10061] No connection could be made because the target machine actively refused it>
query checkout_p95 failed: <urlopen error [WinError 10061] No connection could be made because the target machine actively refused it>
query browse_p95 failed: <urlopen error [WinError 10061] No connection could be made because the target machine actively refused it>
query orders_confirmed failed: <urlopen error [WinError 10061] No connection could be made because the target machine actively refused it>
query payment_txns failed: <urlopen error [WinError 10061] No connection could be made because the target machine actively refused it>
2026-07-31T02:05:51Z     n/a      n/a      n/a      n/a      n/a        n/a   
query checkout_success failed: <urlopen error [WinError 10061] No connection could be made because the target machine actively refused it>
query browse_success failed: <urlopen error [WinError 10061] No connection could be made because the target machine actively refused it>
query cart_success failed: <urlopen error [WinError 10061] No connection could be made because the target machine actively refused it>
query checkout_rate failed: <urlopen error [WinError 10061] No connection could be made because the target machine actively refused it>
query checkout_p95 failed: <urlopen error [WinError 10061] No connection could be made because the target machine actively refused it>
query browse_p95 failed: <urlopen error [WinError 10061] No connection could be made because the target machine actively refused it>
query orders_confirmed failed: <urlopen error [WinError 10061] No connection could be made because the target machine actively refused it>
query payment_txns failed: <urlopen error [WinError 10061] No connection could be made because the target machine actively refused it>
2026-07-31T02:06:29Z     n/a      n/a      n/a      n/a      n/a        n/a   
query checkout_success failed: <urlopen error [WinError 10061] No connection could be made because the target machine actively refused it>
query browse_success failed: <urlopen error [WinError 10061] No connection could be made because the target machine actively refused it>
query cart_success failed: <urlopen error [WinError 10061] No connection could be made because the target machine actively refused it>
query checkout_rate failed: <urlopen error [WinError 10061] No connection could be made because the target machine actively refused it>
query checkout_p95 failed: <urlopen error [WinError 10061] No connection could be made because the target machine actively refused it>
query browse_p95 failed: <urlopen error [WinError 10061] No connection could be made because the target machine actively refused it>
query orders_confirmed failed: <urlopen error [WinError 10061] No connection could be made because the target machine actively refused it>
query payment_txns failed: <urlopen error [WinError 10061] No connection could be made because the target machine actively refused it>
2026-07-31T02:07:07Z     n/a      n/a      n/a      n/a      n/a        n/a   
query checkout_success failed: <urlopen error [WinError 10061] No connection could be made because the target machine actively refused it>
query browse_success failed: <urlopen error [WinError 10061] No connection could be made because the target machine actively refused it>
query cart_success failed: <urlopen error [WinError 10061] No connection could be made because the target machine actively refused it>
query checkout_rate failed: <urlopen error [WinError 10061] No connection could be made because the target machine actively refused it>
query checkout_p95 failed: <urlopen error [WinError 10061] No connection could be made because the target machine actively refused it>
query browse_p95 failed: <urlopen error [WinError 10061] No connection could be made because the target machine actively refused it>
query orders_confirmed failed: <urlopen error [WinError 10061] No connection could be made because the target machine actively refused it>
query payment_txns failed: <urlopen error [WinError 10061] No connection could be made because the target machine actively refused it>
2026-07-31T02:07:44Z     n/a      n/a      n/a      n/a      n/a        n/a   
query checkout_success failed: <urlopen error [WinError 10061] No connection could be made because the target machine actively refused it>
query browse_success failed: <urlopen error [WinError 10061] No connection could be made because the target machine actively refused it>
query cart_success failed: <urlopen error [WinError 10061] No connection could be made because the target machine actively refused it>
query checkout_rate failed: <urlopen error [WinError 10061] No connection could be made because the target machine actively refused it>
query checkout_p95 failed: <urlopen error [WinError 10061] No connection could be made because the target machine actively refused it>
query browse_p95 failed: <urlopen error [WinError 10061] No connection could be made because the target machine actively refused it>
query orders_confirmed failed: <urlopen error [WinError 10061] No connection could be made because the target machine actively refused it>
query payment_txns failed: <urlopen error [WinError 10061] No connection could be made because the target machine actively refused it>
2026-07-31T02:08:22Z     n/a      n/a      n/a      n/a      n/a        n/a   
query checkout_success failed: <urlopen error [WinError 10061] No connection could be made because the target machine actively refused it>
query browse_success failed: <urlopen error [WinError 10061] No connection could be made because the target machine actively refused it>
query cart_success failed: <urlopen error [WinError 10061] No connection could be made because the target machine actively refused it>
query checkout_rate failed: <urlopen error [WinError 10061] No connection could be made because the target machine actively refused it>
query checkout_p95 failed: <urlopen error [WinError 10061] No connection could be made because the target machine actively refused it>
query browse_p95 failed: <urlopen error [WinError 10061] No connection could be made because the target machine actively refused it>
query orders_confirmed failed: <urlopen error [WinError 10061] No connection could be made because the target machine actively refused it>
query payment_txns failed: <urlopen error [WinError 10061] No connection could be made because the target machine actively refused it>
2026-07-31T02:09:00Z     n/a      n/a      n/a      n/a      n/a        n/a   
query checkout_success failed: <urlopen error [WinError 10061] No connection could be made because the target machine actively refused it>
query browse_success failed: <urlopen error [WinError 10061] No connection could be made because the target machine actively refused it>
query cart_success failed: <urlopen error [WinError 10061] No connection could be made because the target machine actively refused it>
query checkout_rate failed: <urlopen error [WinError 10061] No connection could be made because the target machine actively refused it>
query checkout_p95 failed: <urlopen error [WinError 10061] No connection could be made because the target machine actively refused it>
query browse_p95 failed: <urlopen error [WinError 10061] No connection could be made because the target machine actively refused it>
query orders_confirmed failed: <urlopen error [WinError 10061] No connection could be made because the target machine actively refused it>
query payment_txns failed: <urlopen error [WinError 10061] No connection could be made because the target machine actively refused it>
2026-07-31T02:09:38Z     n/a      n/a      n/a      n/a      n/a        n/a   
query checkout_success failed: <urlopen error [WinError 10061] No connection could be made because the target machine actively refused it>
query browse_success failed: <urlopen error [WinError 10061] No connection could be made because the target machine actively refused it>
query cart_success failed: <urlopen error [WinError 10061] No connection could be made because the target machine actively refused it>
query checkout_rate failed: <urlopen error [WinError 10061] No connection could be made because the target machine actively refused it>
query checkout_p95 failed: <urlopen error [WinError 10061] No connection could be made because the target machine actively refused it>
query browse_p95 failed: <urlopen error [WinError 10061] No connection could be made because the target machine actively refused it>
query orders_confirmed failed: <urlopen error [WinError 10061] No connection could be made because the target machine actively refused it>
query payment_txns failed: <urlopen error [WinError 10061] No connection could be made because the target machine actively refused it>
2026-07-31T02:10:15Z     n/a      n/a      n/a      n/a      n/a        n/a   
query checkout_success failed: <urlopen error [WinError 10061] No connection could be made because the target machine actively refused it>
query browse_success failed: <urlopen error [WinError 10061] No connection could be made because the target machine actively refused it>
query cart_success failed: <urlopen error [WinError 10061] No connection could be made because the target machine actively refused it>
query checkout_rate failed: <urlopen error [WinError 10061] No connection could be made because the target machine actively refused it>
query checkout_p95 failed: <urlopen error [WinError 10061] No connection could be made because the target machine actively refused it>
query browse_p95 failed: <urlopen error [WinError 10061] No connection could be made because the target machine actively refused it>
query orders_confirmed failed: <urlopen error [WinError 10061] No connection could be made because the target machine actively refused it>
query payment_txns failed: <urlopen error [WinError 10061] No connection could be made because the target machine actively refused it>
2026-07-31T02:10:53Z     n/a      n/a      n/a      n/a      n/a        n/a   
query checkout_success failed: <urlopen error [WinError 10061] No connection could be made because the target machine actively refused it>
query browse_success failed: <urlopen error [WinError 10061] No connection could be made because the target machine actively refused it>
query cart_success failed: <urlopen error [WinError 10061] No connection could be made because the target machine actively refused it>
query checkout_rate failed: <urlopen error [WinError 10061] No connection could be made because the target machine actively refused it>
query checkout_p95 failed: <urlopen error [WinError 10061] No connection could be made because the target machine actively refused it>
query browse_p95 failed: <urlopen error [WinError 10061] No connection could be made because the target machine actively refused it>
query orders_confirmed failed: <urlopen error [WinError 10061] No connection could be made because the target machine actively refused it>
query payment_txns failed: <urlopen error [WinError 10061] No connection could be made because the target machine actively refused it>
2026-07-31T02:11:31Z     n/a      n/a      n/a      n/a      n/a        n/a   
query checkout_success failed: <urlopen error [WinError 10061] No connection could be made because the target machine actively refused it>
query browse_success failed: <urlopen error [WinError 10061] No connection could be made because the target machine actively refused it>
query cart_success failed: <urlopen error [WinError 10061] No connection could be made because the target machine actively refused it>
query checkout_rate failed: <urlopen error [WinError 10061] No connection could be made because the target machine actively refused it>
query checkout_p95 failed: <urlopen error [WinError 10061] No connection could be made because the target machine actively refused it>
query browse_p95 failed: <urlopen error [WinError 10061] No connection could be made because the target machine actively refused it>
query orders_confirmed failed: <urlopen error [WinError 10061] No connection could be made because the target machine actively refused it>
query payment_txns failed: <urlopen error [WinError 10061] No connection could be made because the target machine actively refused it>
2026-07-31T02:12:09Z     n/a      n/a      n/a      n/a      n/a        n/a   
query checkout_success failed: <urlopen error [WinError 10061] No connection could be made because the target machine actively refused it>
query browse_success failed: <urlopen error [WinError 10061] No connection could be made because the target machine actively refused it>
query cart_success failed: <urlopen error [WinError 10061] No connection could be made because the target machine actively refused it>
query checkout_rate failed: <urlopen error [WinError 10061] No connection could be made because the target machine actively refused it>
query checkout_p95 failed: <urlopen error [WinError 10061] No connection could be made because the target machine actively refused it>
query browse_p95 failed: <urlopen error [WinError 10061] No connection could be made because the target machine actively refused it>
query orders_confirmed failed: <urlopen error [WinError 10061] No connection could be made because the target machine actively refused it>
query payment_txns failed: <urlopen error [WinError 10061] No connection could be made because the target machine actively refused it>
2026-07-31T02:12:46Z     n/a      n/a      n/a      n/a      n/a        n/a   
query checkout_success failed: <urlopen error [WinError 10061] No connection could be made because the target machine actively refused it>
query browse_success failed: <urlopen error [WinError 10061] No connection could be made because the target machine actively refused it>
query cart_success failed: <urlopen error [WinError 10061] No connection could be made because the target machine actively refused it>
query checkout_rate failed: <urlopen error [WinError 10061] No connection could be made because the target machine actively refused it>
query checkout_p95 failed: <urlopen error [WinError 10061] No connection could be made because the target machine actively refused it>
query browse_p95 failed: <urlopen error [WinError 10061] No connection could be made because the target machine actively refused it>
query orders_confirmed failed: <urlopen error [WinError 10061] No connection could be made because the target machine actively refused it>
query payment_txns failed: <urlopen error [WinError 10061] No connection could be made because the target machine actively refused it>
2026-07-31T02:13:24Z     n/a      n/a      n/a      n/a      n/a        n/a   
query checkout_success failed: <urlopen error [WinError 10061] No connection could be made because the target machine actively refused it>
query browse_success failed: <urlopen error [WinError 10061] No connection could be made because the target machine actively refused it>
query cart_success failed: <urlopen error [WinError 10061] No connection could be made because the target machine actively refused it>
query checkout_rate failed: <urlopen error [WinError 10061] No connection could be made because the target machine actively refused it>
query checkout_p95 failed: <urlopen error [WinError 10061] No connection could be made because the target machine actively refused it>
query browse_p95 failed: <urlopen error [WinError 10061] No connection could be made because the target machine actively refused it>
query orders_confirmed failed: <urlopen error [WinError 10061] No connection could be made because the target machine actively refused it>
query payment_txns failed: <urlopen error [WinError 10061] No connection could be made because the target machine actively refused it>
2026-07-31T02:14:02Z     n/a      n/a      n/a      n/a      n/a        n/a   
query checkout_success failed: <urlopen error [WinError 10061] No connection could be made because the target machine actively refused it>
query browse_success failed: <urlopen error [WinError 10061] No connection could be made because the target machine actively refused it>
query cart_success failed: <urlopen error [WinError 10061] No connection could be made because the target machine actively refused it>
query checkout_rate failed: <urlopen error [WinError 10061] No connection could be made because the target machine actively refused it>
query checkout_p95 failed: <urlopen error [WinError 10061] No connection could be made because the target machine actively refused it>
query browse_p95 failed: <urlopen error [WinError 10061] No connection could be made because the target machine actively refused it>
query orders_confirmed failed: <urlopen error [WinError 10061] No connection could be made because the target machine actively refused it>
query payment_txns failed: <urlopen error [WinError 10061] No connection could be made because the target machine actively refused it>
2026-07-31T02:14:39Z     n/a      n/a      n/a      n/a      n/a        n/a   
query checkout_success failed: <urlopen error [WinError 10061] No connection could be made because the target machine actively refused it>
query browse_success failed: <urlopen error [WinError 10061] No connection could be made because the target machine actively refused it>
query cart_success failed: <urlopen error [WinError 10061] No connection could be made because the target machine actively refused it>
query checkout_rate failed: <urlopen error [WinError 10061] No connection could be made because the target machine actively refused it>
query checkout_p95 failed: <urlopen error [WinError 10061] No connection could be made because the target machine actively refused it>
